source,author,title,description,url,urlToImage,publishedAt,content
"{'id': None, 'name': 'Benzinga'}",Chris Katje,Jeff Bezos To Sell $5 Billion In Amazon Shares: Could He Be Raising Cash For Seattle Seahawks Purchase?,,https://www.benzinga.com/startups/24/07/39651169/jeff-bezos-to-sell-5-billion-in-amazon-shares-could-he-be-raising-cash-for-seattle-seahawks-purchase,https://cdn.benzinga.com/files/images/story/2024/07/05/London--United-Kingdom---August-30--2022.jpeg?width=1200&height=800&fit=crop,2024-07-05 20:53:03+00:00,"Amazon.com IncAMZN founder Jeff Bezos is selling another portion of his stake in the company, which comes years after stepping down from the CEO role.
What Happened: Bezos departed from Amazons c-su… [+2937 chars]"
"{'id': None, 'name': 'Macdailynews.com'}",MacDailyNews,Apple shares hit new all-time intraday and closing highs,"In Nasdaq trading today, shares of Apple Inc. rose to hit new all-time intraday and closing highs. Apple’s all-time intraday high was set on…
The post Apple shares hit new all-time intraday and closing highs appeared first on MacDailyNews.",https://macdailynews.com/2024/07/05/apple-shares-hit-new-all-time-intraday-and-closing-highs-82/,https://149359564.v2.pressablecdn.com/wp-content/uploads/2022/03/220328_logo.png,2024-07-05 20:30:20+00:00,"In Nasdaq trading today, shares of Apple Inc. (AAPL) rose $4.79, or 2.16%, to $226.34, a new all-time closing high. Today’s intraday high was $226.45, also an all-time high for Apple stock.
Apples 5… [+1500 chars]"
"{'id': None, 'name': ""Investor's Business Daily""}",Investor's Business Daily,"AI Is 'Revenue Mirage' For Enterprise Software Firms, Analyst Says","While enterprise software firms struggle to generate revenue from artificial intelligence, cloud computing leader Amazon.com is making bank on the trend.",https://www.investors.com/news/technology/amazon-stock-cloud-computing-leader-called-ai-winner/,https://www.investors.com/wp-content/uploads/2017/10/stock-amazon-04-shutter.jpg,2024-07-05 20:11:30+00:00,"While enterprise software firms struggle to generate revenue from generative artificial intelligence, cloud computing leader Amazon.com (AMZN) is making bank on the trend, an analyst says. Amazon sto… [+2613 chars]"
"{'id': None, 'name': 'Forbes'}","Sean Hanlon, Contributor, 
 Sean Hanlon, Contributor
 https://www.forbes.com/sites/seanhanlon/",2024 Mid-Year Update,"Mid-Year Update, Inflation, AI",https://www.forbes.com/sites/seanhanlon-1/2024/07/05/2024-mid-year-update/,https://imageio.forbes.com/specials-images/imageserve/668850166ba6ae3fd97a330f/0x0.png?format=png&height=900&width=1600&fit=bounds,2024-07-05 20:11:02+00:00,"2024 Mid-Year Update
Hanlon Investment Management
When we penned our Annual Outlook, we noted that markets were beginning to return to a semblance of normalcy as the effects of pandemic-era rate cu… [+18532 chars]"
"{'id': None, 'name': 'Forbes'}","GuruFocus, Contributor, 
 GuruFocus, Contributor
 https://www.forbes.com/sites/gurufocus/",A Closer Look At Berkshire Hathaway's Chubb Investment,Synergies between Chubb and Berkshire are likely to rock the property and casualty insurance industry.,https://www.forbes.com/sites/gurufocus/2024/07/05/a-closer-look-at-berkshire-hathaways-chubb-investment/,"https://imageio.forbes.com/specials-images/imageserve/6688395dab493d10a3d62c0e/0x0.jpg?format=jpg&crop=2108,1185,x0,y216,safe&height=900&width=1600&fit=bounds",2024-07-05 18:20:49+00:00,"By Horse Poor Investor
Summary
<ul><li>Berkshire Hathaway revealed its 6.40% stake in Chubb on May 15.</li><li>Warren Buffett has had a long-term affinity for the insurance business because of its … [+18797 chars]"
"{'id': None, 'name': 'Biztoc.com'}",theglobeandmail.com,"Amazon, other U.S. companies in crosshairs on warehouse safety","After a particularly gruelling shift lifting heavy boxes in an Amazon AMZN-Q warehouse in New York State, Keith Williams’ hands and wrist stopped working – when he woke up the next day, he could barely grasp a milk jug.
Williams blames the injury in February …",https://biztoc.com/x/f956d8702fd780ff,https://biztoc.com/cdn/f956d8702fd780ff_s.webp,2024-07-05 17:48:09+00:00,"After a particularly gruelling shift lifting heavy boxes in an Amazon AMZN-Q warehouse in New York State, Keith Williams hands and wrist stopped working when he woke up the next day, he could barely … [+138 chars]"
"{'id': None, 'name': 'CNBC'}",,3 ways artificial intelligence could drive Microsoft stock past its record highs in 2024,Shares of the tech giant surged to an all-time high Friday.,https://www.cnbc.com/2024/07/05/3-ways-ai-could-drive-microsoft-stock-past-its-record-highs-in-2024.html,https://image.cnbcfm.com/api/v1/image/107418111-1716323619455-gettyimages-2153481470-AFP_34TF6ZQ.jpeg?v=1716323693&w=1920&h=1080,2024-07-05 17:40:08+00:00,"Microsoft kicked off the second half of 2024 with a bang, with shares hitting new closing highs on Monday and Tuesday, and an intraday high Friday. Better still: They have plenty more room to run. In… [+4852 chars]"
"{'id': None, 'name': 'Biztoc.com'}",abcnews.go.com,"Amazon, Macy's rise; Robinhood Markets, APA fall, Friday, 7/5/2024","Amazon, Macy's rise; Robinhood Markets, APA fall, Friday, 7/5/2024
Stocks that traded heavily or had substantial price changes on Friday: Amazon, Macy’s rise; Robinhood Markets, APA fall
NEW YORK -- Stocks that traded heavily or had substantial price changes …",https://biztoc.com/x/ad56997d26e7f9e2,https://biztoc.com/cdn/ad56997d26e7f9e2_s.webp,2024-07-05 17:15:49+00:00,"Amazon, Macy's rise; Robinhood Markets, APA fall, Friday, 7/5/2024Stocks that traded heavily or had substantial price changes on Friday: Amazon, Macys rise; Robinhood Markets, APA fallNEW YORK -- Sto… [+133 chars]"
"{'id': None, 'name': 'Investopedia'}",Andrew Kessel,Amazon Sent EU Information Request on Data Privacy Law Compliance,Amazon on Friday was sent a formal request for information by the European Commission on how the tech giant has complied with the body’s Digital Services Act.,https://www.investopedia.com/amazon-sent-eu-information-request-on-data-privacy-law-compliance-8674103,https://www.investopedia.com/thmb/QRk2K61BAL9aDkN4Jj4MFsJYiag=/1500x0/filters:no_upscale():max_bytes(150000):strip_icc()/GettyImages-2159980373-d9f4d6b711504aa29dd970bc7854db72.jpg,2024-07-05 16:20:05+00:00,<ul><li>The European Commission on Friday sent Amazon a formal request for information related to its compliance with the Digital Services Act.</li><li>The European Union's compliance arm is focused … [+1915 chars]
"{'id': None, 'name': 'Biztoc.com'}",247wallst.com,Amazon Stock Price Prediction: Where Will It Be in 1 Year,"24/7 Insights
Analyst expectations for where Amazon.com Inc. (NASDAQ: AMZN) stock is headed vary somewhat.
Despite some skeptics, Wall Street is optimistic overall, especially in the short term.
Amazon.com Inc. (NASDAQ: AMZN) has been one of the best long-ter…",https://biztoc.com/x/dd3817f8a56d6523,https://biztoc.com/cdn/dd3817f8a56d6523_s.webp,2024-07-05 14:33:22+00:00,"24/7 InsightsAnalyst expectations for where Amazon.com Inc. (NASDAQ: AMZN) stock is headed vary somewhat.Despite some skeptics, Wall Street is optimistic overall, especially in the short term.Amazon.… [+133 chars]"
"{'id': None, 'name': 'Investopedia'}",Andrew Kessel,EU Reportedly Set To Warn X for Failing To Combat Dangerous Content,"The European Union is expected to level a formal warning against X, the Elon Musk-owned social media network formerly known as Twitter, for failing to combat dangerous content.",https://www.investopedia.com/eu-reportedly-set-to-warn-x-for-failing-to-combat-dangerous-content-8674057,https://www.investopedia.com/thmb/1chq-VTJV59SfztMkBh8wFcZLKo=/1500x0/filters:no_upscale():max_bytes(150000):strip_icc()/GettyImages-2159901173-1b8c82c1e92c49ac8b792dccf1ed17b7.jpg,2024-07-05 14:16:38+00:00,"<ul><li>X is expected to receive a warning from the European Commission for potentially violating the Digital Services Act, according to a Bloomberg report.</li><li>The DSA obligates online platforms… [+1712 chars]"
"{'id': None, 'name': 'ETF Daily News'}",MarketBeat News,Amazon.com (NASDAQ:AMZN) Stock Price Down 1.2% on Insider Selling,"Amazon.com, Inc. (NASDAQ:AMZN)’s share price dropped 1.2% on Wednesday following insider selling activity. The stock traded as low as $197.25 and last traded at $197.58. Approximately 15,537,365 shares were traded during mid-day trading, a decline of 64% from…",https://www.etfdailynews.com/2024/07/05/amazon-com-nasdaqamzn-stock-price-down-1-2-on-insider-selling/,https://www.americanbankingnews.com/wp-content/timthumb/timthumb.php?src=https://www.marketbeat.com/logos/amazoncom-inc-logo-1200x675.jpg&w=240&h=240&zc=2,2024-07-05 14:12:41+00:00,"Amazon.com, Inc. (NASDAQ:AMZN)’s share price dropped 1.2% on Wednesday following insider selling activity. The stock traded as low as $197.25 and last traded at $197.58. Approximately 15,537,365 shar… [+5583 chars]"
"{'id': None, 'name': ""Investor's Business Daily""}",Investor's Business Daily,Dow Jones Futures Rise On Jobs Report; Tesla Continues To Rally,"Tesla continues to rally Friday, looking to make it eight straight up days.",https://www.investors.com/market-trend/stock-market-today/dow-jones-sp500-nasdaq-jobs-report-tesla-stock-tsla/,https://www.investors.com/wp-content/uploads/2017/03/stock-wallstreet-031317-shutter.jpg,2024-07-05 13:02:37+00:00,"Dow Jones futures turned higher, while other major stock indexes extended gains as Wall Street reacted to a jobs report from the Labor Department Friday. Showing more strength was electric-vehicle gi… [+5806 chars]"
"{'id': None, 'name': 'ETF Daily News'}",MarketBeat News,"Total Investment Management Inc. Sells 116 Shares of Amazon.com, Inc. (NASDAQ:AMZN)","Total Investment Management Inc. trimmed its holdings in shares of Amazon.com, Inc. (NASDAQ:AMZN) by 1.6% during the first quarter, according to the company in its most recent Form 13F filing with the SEC. The firm owned 7,139 shares of the e-commerce giant’s…",https://www.etfdailynews.com/2024/07/05/total-investment-management-inc-sells-116-shares-of-amazon-com-inc-nasdaqamzn/,https://www.americanbankingnews.com/wp-content/timthumb/timthumb.php?src=https://www.marketbeat.com/logos/amazoncom-inc-logo-1200x675.jpg&w=240&h=240&zc=2,2024-07-05 12:10:41+00:00,"Total Investment Management Inc. trimmed its holdings in shares of Amazon.com, Inc. (NASDAQ:AMZN) by 1.6% during the first quarter, according to the company in its most recent Form 13F filing with th… [+6471 chars]"
"{'id': None, 'name': 'ETF Daily News'}",MarketBeat News,"Avity Investment Management Inc. Reduces Stock Position in Amazon.com, Inc. (NASDAQ:AMZN)","Avity Investment Management Inc. cut its stake in shares of Amazon.com, Inc. (NASDAQ:AMZN) by 1.5% during the first quarter, Holdings Channel reports. The firm owned 307,384 shares of the e-commerce giant’s stock after selling 4,741 shares during the quarter.…",https://www.etfdailynews.com/2024/07/05/avity-investment-management-inc-reduces-stock-position-in-amazon-com-inc-nasdaqamzn/,https://www.americanbankingnews.com/wp-content/timthumb/timthumb.php?src=https://www.marketbeat.com/logos/amazoncom-inc-logo-1200x675.jpg&w=240&h=240&zc=2,2024-07-05 11:06:45+00:00,"Avity Investment Management Inc. cut its stake in shares of Amazon.com, Inc. (NASDAQ:AMZN) by 1.5% during the first quarter, Holdings Channel reports. The firm owned 307,384 shares of the e-commerce … [+6474 chars]"
"{'id': None, 'name': 'ETF Daily News'}",MarketBeat News,"WD Rutherford LLC Has $4.98 Million Holdings in Amazon.com, Inc. (NASDAQ:AMZN)","WD Rutherford LLC reduced its position in shares of Amazon.com, Inc. (NASDAQ:AMZN) by 1.5% in the first quarter, Holdings Channel reports. The firm owned 27,581 shares of the e-commerce giant’s stock after selling 425 shares during the quarter. Amazon.com acc…",https://www.etfdailynews.com/2024/07/05/wd-rutherford-llc-has-4-98-million-holdings-in-amazon-com-inc-nasdaqamzn/,https://www.americanbankingnews.com/wp-content/timthumb/timthumb.php?src=https://www.marketbeat.com/logos/amazoncom-inc-logo-1200x675.jpg&w=240&h=240&zc=2,2024-07-05 11:06:45+00:00,"WD Rutherford LLC reduced its position in shares of Amazon.com, Inc. (NASDAQ:AMZN) by 1.5% in the first quarter, Holdings Channel reports. The firm owned 27,581 shares of the e-commerce giant’s stock… [+6572 chars]"
"{'id': None, 'name': 'ETF Daily News'}",MarketBeat News,"Amazon.com, Inc. (NASDAQ:AMZN) is Norris Perne & French LLP MI’s 8th Largest Position","Norris Perne & French LLP MI increased its holdings in shares of Amazon.com, Inc. (NASDAQ:AMZN) by 13.0% during the 1st quarter, Holdings Channel.com reports. The fund owned 201,924 shares of the e-commerce giant’s stock after buying an additional 23,197 shar…",https://www.etfdailynews.com/2024/07/05/amazon-com-inc-nasdaqamzn-is-norris-perne-french-llp-mis-8th-largest-position/,https://www.americanbankingnews.com/wp-content/timthumb/timthumb.php?src=https://www.marketbeat.com/logos/amazoncom-inc-logo-1200x675.jpg&w=240&h=240&zc=2,2024-07-05 11:06:45+00:00,"Norris Perne &amp; French LLP MI increased its holdings in shares of Amazon.com, Inc. (NASDAQ:AMZN) by 13.0% during the 1st quarter, Holdings Channel.com reports. The fund owned 201,924 shares of the… [+6600 chars]"
"{'id': None, 'name': 'ETF Daily News'}",MarketBeat News,"Trifecta Capital Advisors LLC Purchases 7,930 Shares of Amazon.com, Inc. (NASDAQ:AMZN)","Trifecta Capital Advisors LLC boosted its position in Amazon.com, Inc. (NASDAQ:AMZN – Free Report) by 8.8% during the 1st quarter, according to the company in its most recent Form 13F filing with the Securities & Exchange Commission. The firm owned 98,459 sha…",https://www.etfdailynews.com/2024/07/05/trifecta-capital-advisors-llc-purchases-7930-shares-of-amazon-com-inc-nasdaqamzn/,https://www.americanbankingnews.com/wp-content/timthumb/timthumb.php?src=https://www.marketbeat.com/logos/amazoncom-inc-logo-1200x675.jpg&w=240&h=240&zc=2,2024-07-05 11:06:43+00:00,"Trifecta Capital Advisors LLC boosted its position in Amazon.com, Inc. (NASDAQ:AMZN – Free Report) by 8.8% during the 1st quarter, according to the company in its most recent Form 13F filing with the… [+6501 chars]"
"{'id': None, 'name': 'ETF Daily News'}",MarketBeat News,"Reliant Investment Management LLC Acquires 775 Shares of Amazon.com, Inc. (NASDAQ:AMZN)","Reliant Investment Management LLC grew its holdings in shares of Amazon.com, Inc. (NASDAQ:AMZN) by 2.3% during the first quarter, HoldingsChannel.com reports. The institutional investor owned 34,017 shares of the e-commerce giant’s stock after buying an addit…",https://www.etfdailynews.com/2024/07/05/reliant-investment-management-llc-acquires-775-shares-of-amazon-com-inc-nasdaqamzn/,https://www.americanbankingnews.com/wp-content/timthumb/timthumb.php?src=https://www.marketbeat.com/logos/amazoncom-inc-logo-1200x675.jpg&w=240&h=240&zc=2,2024-07-05 11:06:43+00:00,"Reliant Investment Management LLC grew its holdings in shares of Amazon.com, Inc. (NASDAQ:AMZN) by 2.3% during the first quarter, HoldingsChannel.com reports. The institutional investor owned 34,017 … [+6755 chars]"
"{'id': None, 'name': 'Forbes'}","Trefis Team, Contributor, 
 Trefis Team, Contributor
 https://www.forbes.com/sites/greatspeculations/people/trefis/","With Its Stock Down 48% This Year, What’s Happening With Xpeng Stock?","Chinese luxury EV maker Xpeng deliveries for June rose by 24% year-over-year to 10,688 units.",https://www.forbes.com/sites/greatspeculations/2024/07/05/with-its-stock-down-48-this-year-whats-happening-with-xpeng-stock/,https://imageio.forbes.com/specials-images/imageserve/6687835cddef8e2631c1bceb/0x0.jpg?format=jpg&height=900&width=1600&fit=bounds,2024-07-05 11:00:11+00:00,"BEIJING, CHINA - JULY 24: A XPeng P7 electric sedan is displayed for sale at a Xpeng showroom on ... [+] July 24, 2022 in Beijing, China. (Photo by VCG/VCG via Getty Images)
VCG via Getty Images
Ch… [+3997 chars]"
"{'id': None, 'name': 'Investopedia'}",Naomi Buchanan,Can AI Enthusiasm Sustain the Magnificent 7's Momentum?,Excitement around artificial intelligence developments has helped propel big tech stocks higher in 2024. Lofty expectations could make it harder for big tech to impress investors and sustain its momentum.,https://www.investopedia.com/can-ai-enthusiasm-sustain-magnificent-7-stocks-momentum-8673297,https://www.investopedia.com/thmb/lG6X0MUHuUCsXlllD8F3jZj4IYI=/1500x0/filters:no_upscale():max_bytes(150000):strip_icc()/NewsImages-PackageonWhatToExpect3-final-04daeaf95d3a4dc7972aa4591eb982a6.png,2024-07-05 11:00:00+00:00,"<ul><li>After driving gains for the S&amp;P 500 in 2023, five of the Magnificent 7, a group of stocks made up of Microsoft, Amazon, Meta, Apple, Alphabet, Nvidia, and Tesla, have outperformed the S&a… [+3285 chars]"
"{'id': None, 'name': 'ETF Daily News'}",MarketBeat News,"Webster Bank N. A. Boosts Stock Position in Amazon.com, Inc. (NASDAQ:AMZN)","Webster Bank N. A. boosted its holdings in shares of Amazon.com, Inc. (NASDAQ:AMZN) by 0.6% during the 1st quarter, according to the company in its most recent disclosure with the Securities and Exchange Commission. The institutional investor owned 124,536 sh…",https://www.etfdailynews.com/2024/07/05/webster-bank-n-a-boosts-stock-position-in-amazon-com-inc-nasdaqamzn/,https://www.americanbankingnews.com/wp-content/timthumb/timthumb.php?src=https://www.marketbeat.com/logos/amazoncom-inc-logo-1200x675.jpg&w=240&h=240&zc=2,2024-07-05 10:33:00+00:00,"Webster Bank N. A. boosted its holdings in shares of Amazon.com, Inc. (NASDAQ:AMZN) by 0.6% during the 1st quarter, according to the company in its most recent disclosure with the Securities and Exch… [+6276 chars]"
"{'id': None, 'name': 'ETF Daily News'}",MarketBeat News,"Occidental Asset Management LLC Reduces Position in Amazon.com, Inc. (NASDAQ:AMZN)","Occidental Asset Management LLC decreased its holdings in shares of Amazon.com, Inc. (NASDAQ:AMZN) by 1.1% in the first quarter, according to its most recent Form 13F filing with the Securities & Exchange Commission. The institutional investor owned 25,068 sh…",https://www.etfdailynews.com/2024/07/05/occidental-asset-management-llc-reduces-position-in-amazon-com-inc-nasdaqamzn/,https://www.americanbankingnews.com/wp-content/timthumb/timthumb.php?src=https://www.marketbeat.com/logos/amazoncom-inc-logo-1200x675.jpg&w=240&h=240&zc=2,2024-07-05 10:32:59+00:00,"Occidental Asset Management LLC decreased its holdings in shares of Amazon.com, Inc. (NASDAQ:AMZN) by 1.1% in the first quarter, according to its most recent Form 13F filing with the Securities &amp;… [+6136 chars]"
"{'id': None, 'name': 'ETF Daily News'}",MarketBeat News,"Monumental Financial Group Inc. Acquires Shares of 1,204 Amazon.com, Inc. (NASDAQ:AMZN)","Monumental Financial Group Inc. acquired a new stake in shares of Amazon.com, Inc. (NASDAQ:AMZN – Free Report) in the 1st quarter, according to the company in its most recent Form 13F filing with the SEC. The institutional investor acquired 1,204 shares of th…",https://www.etfdailynews.com/2024/07/05/monumental-financial-group-inc-acquires-shares-of-1204-amazon-com-inc-nasdaqamzn/,https://www.americanbankingnews.com/wp-content/timthumb/timthumb.php?src=https://www.marketbeat.com/logos/amazoncom-inc-logo-1200x675.jpg&w=240&h=240&zc=2,2024-07-05 10:32:59+00:00,"Monumental Financial Group Inc. acquired a new stake in shares of Amazon.com, Inc. (NASDAQ:AMZN – Free Report) in the 1st quarter, according to the company in its most recent Form 13F filing with the… [+5828 chars]"
"{'id': None, 'name': 'ETF Daily News'}",MarketBeat News,"Fidelity D & D Bancorp Inc. Grows Stock Position in Amazon.com, Inc. (NASDAQ:AMZN)","Fidelity D & D Bancorp Inc. increased its position in Amazon.com, Inc. (NASDAQ:AMZN) by 38.3% in the 1st quarter, according to its most recent filing with the SEC. The fund owned 2,649 shares of the e-commerce giant’s stock after purchasing an additional 733 …",https://www.etfdailynews.com/2024/07/05/fidelity-d-d-bancorp-inc-grows-stock-position-in-amazon-com-inc-nasdaqamzn/,https://www.americanbankingnews.com/wp-content/timthumb/timthumb.php?src=https://www.marketbeat.com/logos/amazoncom-inc-logo-1200x675.jpg&w=240&h=240&zc=2,2024-07-05 10:32:59+00:00,"Fidelity D &amp; D Bancorp Inc. increased its position in Amazon.com, Inc. (NASDAQ:AMZN) by 38.3% in the 1st quarter, according to its most recent filing with the SEC. The fund owned 2,649 shares of … [+6052 chars]"
"{'id': None, 'name': 'ETF Daily News'}",MarketBeat News,"Weaver Consulting Group Sells 142 Shares of Amazon.com, Inc. (NASDAQ:AMZN)","Weaver Consulting Group lowered its position in shares of Amazon.com, Inc. (NASDAQ:AMZN) by 1.0% during the first quarter, Holdings Channel.com reports. The firm owned 13,483 shares of the e-commerce giant’s stock after selling 142 shares during the quarter. …",https://www.etfdailynews.com/2024/07/05/weaver-consulting-group-sells-142-shares-of-amazon-com-inc-nasdaqamzn/,https://www.americanbankingnews.com/wp-content/timthumb/timthumb.php?src=https://www.marketbeat.com/logos/amazoncom-inc-logo-1200x675.jpg&w=240&h=240&zc=2,2024-07-05 10:32:59+00:00,"Weaver Consulting Group lowered its position in shares of Amazon.com, Inc. (NASDAQ:AMZN) by 1.0% during the first quarter, Holdings Channel.com reports. The firm owned 13,483 shares of the e-commerce… [+6478 chars]"
"{'id': None, 'name': 'ETF Daily News'}",MarketBeat News,"S.E.E.D. Planning Group LLC Sells 2,435 Shares of Amazon.com, Inc. (NASDAQ:AMZN)","S.E.E.D. Planning Group LLC reduced its holdings in Amazon.com, Inc. (NASDAQ:AMZN) by 3.1% during the 1st quarter, Holdings Channel reports. The fund owned 75,028 shares of the e-commerce giant’s stock after selling 2,435 shares during the period. Amazon.com …",https://www.etfdailynews.com/2024/07/05/s-e-e-d-planning-group-llc-sells-2435-shares-of-amazon-com-inc-nasdaqamzn/,https://www.americanbankingnews.com/wp-content/timthumb/timthumb.php?src=https://www.marketbeat.com/logos/amazoncom-inc-logo-1200x675.jpg&w=240&h=240&zc=2,2024-07-05 10:32:59+00:00,"S.E.E.D. Planning Group LLC reduced its holdings in Amazon.com, Inc. (NASDAQ:AMZN) by 3.1% during the 1st quarter, Holdings Channel reports. The fund owned 75,028 shares of the e-commerce giant’s sto… [+6108 chars]"
"{'id': None, 'name': 'ETF Daily News'}",MarketBeat News,"Independence Bank of Kentucky Buys 4,405 Shares of Amazon.com, Inc. (NASDAQ:AMZN)","Independence Bank of Kentucky lifted its position in Amazon.com, Inc. (NASDAQ:AMZN) by 9.9% during the 1st quarter, Holdings Channel.com reports. The institutional investor owned 48,736 shares of the e-commerce giant’s stock after buying an additional 4,405 s…",https://www.etfdailynews.com/2024/07/05/independence-bank-of-kentucky-buys-4405-shares-of-amazon-com-inc-nasdaqamzn/,https://www.americanbankingnews.com/wp-content/timthumb/timthumb.php?src=https://www.marketbeat.com/logos/amazoncom-inc-logo-1200x675.jpg&w=240&h=240&zc=2,2024-07-05 10:32:55+00:00,"Independence Bank of Kentucky lifted its position in Amazon.com, Inc. (NASDAQ:AMZN) by 9.9% during the 1st quarter, Holdings Channel.com reports. The institutional investor owned 48,736 shares of the… [+6680 chars]"
"{'id': None, 'name': 'ETF Daily News'}",MarketBeat News,"OneAscent Financial Services LLC Has $3.30 Million Stock Position in Amazon.com, Inc. (NASDAQ:AMZN)","OneAscent Financial Services LLC decreased its stake in shares of Amazon.com, Inc. (NASDAQ:AMZN) by 1.7% during the 1st quarter, Holdings Channel reports. The firm owned 18,297 shares of the e-commerce giant’s stock after selling 319 shares during the period.…",https://www.etfdailynews.com/2024/07/05/oneascent-financial-services-llc-has-3-30-million-stock-position-in-amazon-com-inc-nasdaqamzn/,https://www.americanbankingnews.com/wp-content/timthumb/timthumb.php?src=https://www.marketbeat.com/logos/amazoncom-inc-logo-1200x675.jpg&w=240&h=240&zc=2,2024-07-05 10:32:52+00:00,"OneAscent Financial Services LLC decreased its stake in shares of Amazon.com, Inc. (NASDAQ:AMZN) by 1.7% during the 1st quarter, Holdings Channel reports. The firm owned 18,297 shares of the e-commer… [+6072 chars]"
"{'id': None, 'name': 'Forbes'}","Trefis Team, Contributor, 
 Trefis Team, Contributor
 https://www.forbes.com/sites/greatspeculations/people/trefis/",Can Harley Stock Recover To $50 On Strong Touring Motorcycle Sales?,"Harley-Davidson stock currently trades at about $32 per share, around 38% below its levels of $52 seen on May 17, 2021 (pre-inflation shock high), and appears to be undervalued.",https://www.forbes.com/sites/greatspeculations/2024/07/05/can-harley-stock-recover-to-50-on-strong-touring-motorcycle-sales/,https://imageio.forbes.com/specials-images/imageserve/6687827ea5fcc33faf6a2b6e/0x0.jpg?format=jpg&height=900&width=1600&fit=bounds,2024-07-05 10:00:06+00:00,"Harley-Davidson logo seen outside a Harley-Davidson dealership in South Edmonton. On Thursday, May ... [+] 12, 2022, in Edmonton, Alberta, Canada. (Photo by Artur Widak/NurPhoto via Getty Images)
Nu… [+6398 chars]"
"{'id': None, 'name': 'Biztoc.com'}",finance.yahoo.com,Amazon Stock Is Up 27% This Year. Where Will It Be by the End of 2024?,"Amazon (NASDAQ: AMZN) stock is beating the market, up 27% as we enter the second half of the year. Investors are enthusiastic about its prospects in artificial intelligence (AI), but that's only the tip of the Amazon iceberg. Where might Amazon be by the end …",https://biztoc.com/x/ac8ebe188b10faa8,https://biztoc.com/cdn/ac8ebe188b10faa8_s.webp,2024-07-05 08:56:53+00:00,"Amazon (NASDAQ: AMZN) stock is beating the market, up 27% as we enter the second half of the year. Investors are enthusiastic about its prospects in artificial intelligence (AI), but that's only the … [+142 chars]"
"{'id': None, 'name': 'ETF Daily News'}",MarketBeat News,"Kathmere Capital Management LLC Raises Stock Position in Amazon.com, Inc. (NASDAQ:AMZN)","Kathmere Capital Management LLC grew its holdings in Amazon.com, Inc. (NASDAQ:AMZN) by 71.5% in the 1st quarter, according to the company in its most recent Form 13F filing with the SEC. The firm owned 8,776 shares of the e-commerce giant’s stock after purcha…",https://www.etfdailynews.com/2024/07/05/kathmere-capital-management-llc-raises-stock-position-in-amazon-com-inc-nasdaqamzn/,https://www.americanbankingnews.com/wp-content/timthumb/timthumb.php?src=https://www.marketbeat.com/logos/amazoncom-inc-logo-1200x675.jpg&w=240&h=240&zc=2,2024-07-05 08:40:43+00:00,"Kathmere Capital Management LLC grew its holdings in Amazon.com, Inc. (NASDAQ:AMZN) by 71.5% in the 1st quarter, according to the company in its most recent Form 13F filing with the SEC. The firm own… [+6445 chars]"
"{'id': None, 'name': 'ETF Daily News'}",MarketBeat News,"Financial Management Professionals Inc. Sells 1,388 Shares of Amazon.com, Inc. (NASDAQ:AMZN)","Financial Management Professionals Inc. reduced its holdings in Amazon.com, Inc. (NASDAQ:AMZN – Free Report) by 13.4% during the 1st quarter, according to the company in its most recent 13F filing with the Securities & Exchange Commission. The firm owned 8,94…",https://www.etfdailynews.com/2024/07/05/financial-management-professionals-inc-sells-1388-shares-of-amazon-com-inc-nasdaqamzn/,https://www.americanbankingnews.com/wp-content/timthumb/timthumb.php?src=https://www.marketbeat.com/logos/amazoncom-inc-logo-1200x675.jpg&w=240&h=240&zc=2,2024-07-05 08:40:41+00:00,"Financial Management Professionals Inc. reduced its holdings in Amazon.com, Inc. (NASDAQ:AMZN – Free Report) by 13.4% during the 1st quarter, according to the company in its most recent 13F filing wi… [+6380 chars]"
"{'id': None, 'name': 'ETF Daily News'}",MarketBeat News,"Amazon.com, Inc. (NASDAQ:AMZN) Shares Bought by Astoria Portfolio Advisors LLC.","Astoria Portfolio Advisors LLC. grew its stake in Amazon.com, Inc. (NASDAQ:AMZN) by 8.5% during the 1st quarter, Holdings Channel reports. The firm owned 10,897 shares of the e-commerce giant’s stock after purchasing an additional 852 shares during the quarte…",https://www.etfdailynews.com/2024/07/05/amazon-com-inc-nasdaqamzn-shares-bought-by-astoria-portfolio-advisors-llc/,https://www.americanbankingnews.com/wp-content/timthumb/timthumb.php?src=https://www.marketbeat.com/logos/amazoncom-inc-logo-1200x675.jpg&w=240&h=240&zc=2,2024-07-05 08:40:41+00:00,"Astoria Portfolio Advisors LLC. grew its stake in Amazon.com, Inc. (NASDAQ:AMZN) by 8.5% during the 1st quarter, Holdings Channel reports. The firm owned 10,897 shares of the e-commerce giant’s stock… [+6760 chars]"
"{'id': None, 'name': 'Rlsbb.cc'}","saamaan1@yahoo.com (Master), Master",Aarambham 2024 1080p AMZN WEB-DL H264-DTR,"Plot: Prisoner no 299 escapes from Kalaghati jail leaving no clues behind. However, two detectives hired by the police department investigated the case and found something unbelievable. Genre: ThrillerIMDB Rating Live: IMDB Rating: 7.6/10 From 215 UsersRotten…",https://rlsbb.cc/aarambham-2024-1080p-amzn-web-dl-h264-dtr/,,2024-07-05 08:26:25+00:00,"Plot: Prisoner no 299 escapes from Kalaghati jail leaving no clues behind. However, two detectives hired by the police department investigated the case and found something unbelievable. 
Genre: Thri… [+516 chars]"
"{'id': None, 'name': 'Rlsbb.cc'}","saamaan1@yahoo.com (Master), Master",Haraa 2024 1080p AMZN WEB-DL H264-DTR,"Plot: Haraa is a Tamil movie starring Kokila Mohan, Yogi Babu and D Singampuli in prominent roles. It is directed by Vijay Sri G..Genre: ActionIMDB Rating Live: IMDB Rating: 8.8/10 From 594 UsersRotten Rating: N/AMetacritic Rating: N/ADirected by: Vijay Sri G…",https://rlsbb.cc/haraa-2024-1080p-amzn-web-dl-h264-dtr/,,2024-07-05 08:04:21+00:00,"Plot: Haraa is a Tamil movie starring Kokila Mohan, Yogi Babu and D Singampuli in prominent roles. It is directed by Vijay Sri G..
Genre: ActionIMDB Rating Live:IMDB Rating: 8.8/10 From 594 UsersRot… [+1029 chars]"
"{'id': None, 'name': 'Rlsbb.cc'}","saamaan1@yahoo.com (Master), Master",Devil On Campus The Larry Ray Story 2024 1080p AMZN WEB-DL H264-GPMEng,"Plot: Larry Ray moves into daughter’s dorm, manipulates her friends by exploiting insecurities, promises personal transformations through disturbing psychological tactics aimed at gaining control over vulnerable students.Genre: Drama | MysteryIMDB Rating Live…",https://rlsbb.cc/devil-on-campus-the-larry-ray-story-2024-1080p-amzn-web-dl-h264-gpmeng/,,2024-07-05 07:05:12+00:00,"Plot: Larry Ray moves into daughter’s dorm, manipulates her friends by exploiting insecurities, promises personal transformations through disturbing psychological tactics aimed at gaining control ove… [+922 chars]"
"{'id': None, 'name': 'ETF Daily News'}",MarketBeat News,Amazon.com (NASDAQ:AMZN) Shares Down 1.2% Following Insider Selling,"Amazon.com, Inc. (NASDAQ:AMZN) fell 1.2% during mid-day trading on Thursday after an insider sold shares in the company. The company traded as low as $196.76 and last traded at $197.59. 31,597,926 shares changed hands during trading, a decline of 25% from the…",https://www.etfdailynews.com/2024/07/05/amazon-com-nasdaqamzn-shares-down-1-2-following-insider-selling/,https://www.americanbankingnews.com/wp-content/timthumb/timthumb.php?src=https://www.marketbeat.com/logos/amazoncom-inc-logo-1200x675.jpg&w=240&h=240&zc=2,2024-07-05 05:18:44+00:00,"Amazon.com, Inc. (NASDAQ:AMZN) fell 1.2% during mid-day trading on Thursday after an insider sold shares in the company. The company traded as low as $196.76 and last traded at $197.59. 31,597,926 sh… [+5684 chars]"
"{'id': None, 'name': 'Rlsbb.cc'}","saamaan1@yahoo.com (Master), Master",Pind Aala School 2024 1080p AMZN WEB-DL H264-DTR,Plot: The story of a master who has just taken charge of the school in Pind who tries different things to ensure that the children belonging to this school have a bright future.Genre: DramaIMDB Rating Live: IMDB Rating: N/ARotten Rating: N/AMetacritic Rating:…,https://rlsbb.cc/pind-aala-school-2024-1080p-amzn-web-dl-h264-dtr/,,2024-07-04 22:41:08+00:00,"Plot: The story of a master who has just taken charge of the school in Pind who tries different things to ensure that the children belonging to this school have a bright future.
Genre: DramaIMDB Rat… [+1103 chars]"
"{'id': None, 'name': 'Rlsbb.cc'}",saamaan1@yahoo.com (Master),Mirzapur S03 1080p AMZN WEB-DL H264-MH,Note: In Hindi With English Selectable Subtitles or (HERE).A shocking incident at a wedding procession ignites a series of events entangling the lives of two families in the lawless city of Mirzapur.Links: HOMEPAGE – iMDBMirzapur.S03.1080p.AMZN.WEB-DL.DDP5.1.…,https://rlsbb.cc/mirzapur-s03-1080p-amzn-web-dl-h264-mh/,,2024-07-04 22:10:31+00:00,"Note: In Hindi With English Selectable Subtitles or (HERE).
A shocking incident at a wedding procession ignites a series of events entangling the lives of two families in the lawless city of Mirzapu… [+276 chars]"
"{'id': None, 'name': 'Rlsbb.cc'}","saamaan1@yahoo.com (Master), Master",Max Steiner Maestro Of Movie Music 2019 720p AMZN WEB-DL H264-NTb,"Awards 1 win See more awards »Plot: A look at the life and work of the Austrian composer who pioneered the musical scoring of films – hundreds of them – from King Kong, to Gone with the Wind, to Casablanca and beyond.Genre: Documentary | Biography | MusicIMDB…",https://rlsbb.cc/max-steiner-maestro-of-movie-music-2019-720p-amzn-web-dl-h264-ntb/,,2024-07-04 16:39:37+00:00,"Awards 1 win See more awards »
Plot: A look at the life and work of the Austrian composer who pioneered the musical scoring of films – hundreds of them – from King Kong, to Gone with the Wind, to Ca… [+1978 chars]"
"{'id': None, 'name': 'Rlsbb.cc'}","saamaan1@yahoo.com (Master), Master",Shrooms 2023 720p AMZN WEB-DL H264-MADSKY,"Awards 1 win & 1 nomination See more awards »Plot: A young man searches for magic mushrooms in Lisbon, before distributing them with carrier pigeons to locals afflicted by depression.Genre: Short | Drama | FantasyIMDB Rating Live: IMDB Rating: 6.7/10 From 31 …",https://rlsbb.cc/shrooms-2023-720p-amzn-web-dl-h264-madsky/,,2024-07-04 12:55:18+00:00,"Awards 1 win &amp; 1 nomination See more awards »
Plot: A young man searches for magic mushrooms in Lisbon, before distributing them with carrier pigeons to locals afflicted by depression.
Genre: S… [+1385 chars]"
"{'id': None, 'name': 'ETF Daily News'}",MarketBeat News,"Amazon.com, Inc. (NASDAQ:AMZN) CEO Douglas J. Herrington Sells 3,500 Shares of Stock","Amazon.com, Inc. (NASDAQ:AMZN) CEO Douglas J. Herrington sold 3,500 shares of the stock in a transaction on Monday, July 1st. The stock was sold at an average price of $195.99, for a total value of $685,965.00. Following the sale, the chief executive officer …",https://www.etfdailynews.com/2024/07/04/amazon-com-inc-nasdaqamzn-ceo-douglas-j-herrington-sells-3500-shares-of-stock/,https://www.americanbankingnews.com/wp-content/timthumb/timthumb.php?src=https://www.marketbeat.com/logos/amazoncom-inc-logo-1200x675.jpg&w=240&h=240&zc=2,2024-07-04 12:20:50+00:00,"Amazon.com, Inc. (NASDAQ:AMZN) CEO Douglas J. Herrington sold 3,500 shares of the stock in a transaction on Monday, July 1st. The stock was sold at an average price of $195.99, for a total value of $… [+4564 chars]"
"{'id': None, 'name': 'ETF Daily News'}",MarketBeat News,"Tevis Investment Management Sells 60 Shares of Amazon.com, Inc. (NASDAQ:AMZN)","Tevis Investment Management reduced its holdings in shares of Amazon.com, Inc. (NASDAQ:AMZN – Free Report) by 1.6% in the 1st quarter, according to its most recent filing with the Securities and Exchange Commission. The firm owned 3,581 shares of the e-commer…",https://www.etfdailynews.com/2024/07/04/tevis-investment-management-sells-60-shares-of-amazon-com-inc-nasdaqamzn/,https://www.americanbankingnews.com/wp-content/timthumb/timthumb.php?src=https://www.marketbeat.com/logos/amazoncom-inc-logo-1200x675.jpg&w=240&h=240&zc=2,2024-07-04 10:10:46+00:00,"Tevis Investment Management reduced its holdings in shares of Amazon.com, Inc. (NASDAQ:AMZN – Free Report) by 1.6% in the 1st quarter, according to its most recent filing with the Securities and Exch… [+6361 chars]"
"{'id': None, 'name': 'ETF Daily News'}",MarketBeat News,"Amazon.com, Inc. (NASDAQ:AMZN) Position Raised by Atwater Malick LLC","Atwater Malick LLC lifted its position in shares of Amazon.com, Inc. (NASDAQ:AMZN) by 6.1% in the 1st quarter, Holdings Channel reports. The fund owned 6,489 shares of the e-commerce giant’s stock after buying an additional 373 shares during the period. Atwat…",https://www.etfdailynews.com/2024/07/04/amazon-com-inc-nasdaqamzn-position-raised-by-atwater-malick-llc/,https://www.americanbankingnews.com/wp-content/timthumb/timthumb.php?src=https://www.marketbeat.com/logos/amazoncom-inc-logo-1200x675.jpg&w=240&h=240&zc=2,2024-07-04 10:10:45+00:00,"Atwater Malick LLC lifted its position in shares of Amazon.com, Inc. (NASDAQ:AMZN) by 6.1% in the 1st quarter, Holdings Channel reports. The fund owned 6,489 shares of the e-commerce giant’s stock af… [+6137 chars]"
"{'id': None, 'name': 'ETF Daily News'}",MarketBeat News,"Amazon.com, Inc. (NASDAQ:AMZN) Shares Bought by Firethorn Wealth Partners LLC","Firethorn Wealth Partners LLC lifted its position in shares of Amazon.com, Inc. (NASDAQ:AMZN – Free Report) by 10.5% during the 1st quarter, according to the company in its most recent filing with the Securities and Exchange Commission. The institutional inve…",https://www.etfdailynews.com/2024/07/04/amazon-com-inc-nasdaqamzn-shares-bought-by-firethorn-wealth-partners-llc/,https://www.americanbankingnews.com/wp-content/timthumb/timthumb.php?src=https://www.marketbeat.com/logos/amazoncom-inc-logo-1200x675.jpg&w=240&h=240&zc=2,2024-07-04 10:10:45+00:00,"Firethorn Wealth Partners LLC lifted its position in shares of Amazon.com, Inc. (NASDAQ:AMZN – Free Report) by 10.5% during the 1st quarter, according to the company in its most recent filing with th… [+5935 chars]"
"{'id': None, 'name': 'ETF Daily News'}",MarketBeat News,"Amazon.com, Inc. (NASDAQ:AMZN) Shares Acquired by Capital Asset Advisory Services LLC","Capital Asset Advisory Services LLC grew its stake in shares of Amazon.com, Inc. (NASDAQ:AMZN) by 5.3% in the 1st quarter, according to the company in its most recent Form 13F filing with the Securities & Exchange Commission. The fund owned 67,645 shares of t…",https://www.etfdailynews.com/2024/07/04/amazon-com-inc-nasdaqamzn-shares-acquired-by-capital-asset-advisory-services-llc/,https://www.americanbankingnews.com/wp-content/timthumb/timthumb.php?src=https://www.marketbeat.com/logos/amazoncom-inc-logo-1200x675.jpg&w=240&h=240&zc=2,2024-07-04 09:38:42+00:00,"Capital Asset Advisory Services LLC grew its stake in shares of Amazon.com, Inc. (NASDAQ:AMZN) by 5.3% in the 1st quarter, according to the company in its most recent Form 13F filing with the Securit… [+6463 chars]"
"{'id': None, 'name': 'ETF Daily News'}",MarketBeat News,"AMF Tjanstepension AB Has $394.57 Million Stock Holdings in Amazon.com, Inc. (NASDAQ:AMZN)","AMF Tjanstepension AB raised its holdings in Amazon.com, Inc. (NASDAQ:AMZN) by 4.1% during the 1st quarter, according to the company in its most recent disclosure with the SEC. The firm owned 2,187,415 shares of the e-commerce giant’s stock after buying an ad…",https://www.etfdailynews.com/2024/07/04/amf-tjanstepension-ab-has-394-57-million-stock-holdings-in-amazon-com-inc-nasdaqamzn/,https://www.americanbankingnews.com/wp-content/timthumb/timthumb.php?src=https://www.marketbeat.com/logos/amazoncom-inc-logo-1200x675.jpg&w=240&h=240&zc=2,2024-07-04 09:38:42+00:00,"AMF Tjanstepension AB raised its holdings in Amazon.com, Inc. (NASDAQ:AMZN) by 4.1% during the 1st quarter, according to the company in its most recent disclosure with the SEC. The firm owned 2,187,4… [+6121 chars]"
"{'id': None, 'name': 'ETF Daily News'}",MarketBeat News,"LongView Wealth Management Reduces Holdings in Amazon.com, Inc. (NASDAQ:AMZN)","LongView Wealth Management lowered its holdings in shares of Amazon.com, Inc. (NASDAQ:AMZN – Free Report) by 1.4% in the first quarter, according to the company in its most recent Form 13F filing with the Securities and Exchange Commission. The fund owned 19,…",https://www.etfdailynews.com/2024/07/04/longview-wealth-management-reduces-holdings-in-amazon-com-inc-nasdaqamzn/,https://www.americanbankingnews.com/wp-content/timthumb/timthumb.php?src=https://www.marketbeat.com/logos/amazoncom-inc-logo-1200x675.jpg&w=240&h=240&zc=2,2024-07-04 09:38:41+00:00,"LongView Wealth Management lowered its holdings in shares of Amazon.com, Inc. (NASDAQ:AMZN – Free Report) by 1.4% in the first quarter, according to the company in its most recent Form 13F filing wit… [+6532 chars]"
"{'id': None, 'name': 'ETF Daily News'}",MarketBeat News,"Powell Investment Advisors LLC Sells 547 Shares of Amazon.com, Inc. (NASDAQ:AMZN)","Powell Investment Advisors LLC cut its holdings in shares of Amazon.com, Inc. (NASDAQ:AMZN) by 1.8% during the 1st quarter, according to its most recent 13F filing with the Securities and Exchange Commission (SEC). The institutional investor owned 30,494 shar…",https://www.etfdailynews.com/2024/07/04/powell-investment-advisors-llc-sells-547-shares-of-amazon-com-inc-nasdaqamzn/,https://www.americanbankingnews.com/wp-content/timthumb/timthumb.php?src=https://www.marketbeat.com/logos/amazoncom-inc-logo-1200x675.jpg&w=240&h=240&zc=2,2024-07-04 09:38:41+00:00,"Powell Investment Advisors LLC cut its holdings in shares of Amazon.com, Inc. (NASDAQ:AMZN) by 1.8% during the 1st quarter, according to its most recent 13F filing with the Securities and Exchange Co… [+6561 chars]"
"{'id': None, 'name': 'ETF Daily News'}",MarketBeat News,"Pinnacle Bancorp Inc. Decreases Holdings in Amazon.com, Inc. (NASDAQ:AMZN)","Pinnacle Bancorp Inc. decreased its stake in Amazon.com, Inc. (NASDAQ:AMZN) by 0.3% in the first quarter, according to the company in its most recent Form 13F filing with the Securities & Exchange Commission. The institutional investor owned 24,470 shares of …",https://www.etfdailynews.com/2024/07/04/pinnacle-bancorp-inc-decreases-holdings-in-amazon-com-inc-nasdaqamzn/,https://www.americanbankingnews.com/wp-content/timthumb/timthumb.php?src=https://www.marketbeat.com/logos/amazoncom-inc-logo-1200x675.jpg&w=240&h=240&zc=2,2024-07-04 09:38:41+00:00,"Pinnacle Bancorp Inc. decreased its stake in Amazon.com, Inc. (NASDAQ:AMZN) by 0.3% in the first quarter, according to the company in its most recent Form 13F filing with the Securities &amp; Exchang… [+6689 chars]"
"{'id': None, 'name': 'ETF Daily News'}",MarketBeat News,"Guyasuta Investment Advisors Inc. Trims Stock Holdings in Amazon.com, Inc. (NASDAQ:AMZN)","Guyasuta Investment Advisors Inc. cut its holdings in shares of Amazon.com, Inc. (NASDAQ:AMZN) by 0.6% during the first quarter, HoldingsChannel.com reports. The fund owned 146,153 shares of the e-commerce giant’s stock after selling 900 shares during the qua…",https://www.etfdailynews.com/2024/07/04/guyasuta-investment-advisors-inc-trims-stock-holdings-in-amazon-com-inc-nasdaqamzn/,https://www.americanbankingnews.com/wp-content/timthumb/timthumb.php?src=https://www.marketbeat.com/logos/amazoncom-inc-logo-1200x675.jpg&w=240&h=240&zc=2,2024-07-04 09:38:41+00:00,"Guyasuta Investment Advisors Inc. cut its holdings in shares of Amazon.com, Inc. (NASDAQ:AMZN) by 0.6% during the first quarter, HoldingsChannel.com reports. The fund owned 146,153 shares of the e-co… [+6551 chars]"
"{'id': None, 'name': 'ETF Daily News'}",MarketBeat News,"Howard Financial Services LTD. Raises Position in Amazon.com, Inc. (NASDAQ:AMZN)","Howard Financial Services LTD. lifted its stake in shares of Amazon.com, Inc. (NASDAQ:AMZN) by 1.4% during the first quarter, according to its most recent disclosure with the Securities and Exchange Commission. The firm owned 24,124 shares of the e-commerce g…",https://www.etfdailynews.com/2024/07/04/howard-financial-services-ltd-raises-position-in-amazon-com-inc-nasdaqamzn/,https://www.americanbankingnews.com/wp-content/timthumb/timthumb.php?src=https://www.marketbeat.com/logos/amazoncom-inc-logo-1200x675.jpg&w=240&h=240&zc=2,2024-07-04 09:38:41+00:00,"Howard Financial Services LTD. lifted its stake in shares of Amazon.com, Inc. (NASDAQ:AMZN) by 1.4% during the first quarter, according to its most recent disclosure with the Securities and Exchange … [+6624 chars]"
"{'id': None, 'name': 'Rlsbb.cc'}","saamaan1@yahoo.com (Master), Master",Control 2023 1080p AMZN WEB-DL H264-KHN,"Awards 1 win & 1 nomination See more awards » Plot: British Home Secretary Stella Simmons drives home one night while engaging in an affair with the Prime Minister. A mysterious man remotely hijacks her self-driving car, forcing her on a rampage through Londo…",https://rlsbb.cc/control-2023-1080p-amzn-web-dl-h264-khn/,,2024-07-04 04:58:05+00:00,"Awards 1 win &amp; 1 nomination See more awards »
Plot: British Home Secretary Stella Simmons drives home one night while engaging in an affair with the Prime Minister. A mysterious man remotely hij… [+1510 chars]"
"{'id': None, 'name': 'Yahoo Entertainment'}",,Amazon.com Inc (AMZN): Why Is It the Biggest AI Story Right Now?,,https://consent.yahoo.com/v2/collectConsent?sessionId=1_cc-session_0f2bec88-8f97-48b0-b5a0-fe35d34454b5,,2024-07-04 03:37:57+00:00,"If you click 'Accept all', we and our partners, including 237 who are part of the IAB Transparency &amp; Consent Framework, will also store and/or access information on a device (in other words, use … [+678 chars]"
"{'id': None, 'name': 'Biztoc.com'}",investorplace.com,Jeff Bezos Just Sold Nearly $5 BILLION of Amazon (AMZN) Stock,"Amazon (NASDAQ:AMZN) stock is in the red today after a new filing shows that company founder Jeff Bezos sold 25 million shares of AMZN stock for a jaw-dropping $4.93 billion. Indeed, the billionaire made $197.20 per share on the sale, adding to his already va…",https://biztoc.com/x/a29878f9b330bd02,https://biztoc.com/cdn/a29878f9b330bd02_s.webp,2024-07-03 22:14:31+00:00,"Amazon (NASDAQ:AMZN) stock is in the red today after a new filing shows that company founder Jeff Bezos sold 25 million shares of AMZN stock for a jaw-dropping $4.93 billion. Indeed, the billionaire … [+134 chars]"
"{'id': None, 'name': 'MarketWatch'}",Bill Peters,"Saks Fifth Avenue, Neiman Marcus could join forces with Amazon's backing: report","Saks Fifth Avenue’s owner could soon acquire Neiman Marcus and get a financial boost from Amazon, Wall Street Journal reports",https://www.marketwatch.com/story/two-more-luxury-fashion-players-could-join-forces-with-the-backing-of-amazon-report-says-8e92071a,https://images.mktw.net/im-70540164/social,2024-07-03 21:05:39+00:00,"Upscale fashion retail chains Saks Fifth Avenue and Neiman Marcus could soon join forces and get a financial boost from Amazon.com Inc., according to a report on Wednesday, as luxury brands consolida… [+2040 chars]"
"{'id': None, 'name': 'Biztoc.com'}",theglobeandmail.com,"Saks owner to buy Neiman Marcus with help from Amazon, media reports","The parent of Saks Fifth Avenue sealed a US$2.65-billion deal to buy rival Neiman Marcus with help from Amazon AMZN-Q, taking a minority stake in the new company, the Wall Street Journal reported on Wednesday, citing people familiar with the matter.
Neiman Ma…",https://biztoc.com/x/7c80960136eced47,https://biztoc.com/cdn/7c80960136eced47_s.webp,2024-07-03 20:47:34+00:00,"The parent of Saks Fifth Avenue sealed a US$2.65-billion deal to buy rival Neiman Marcus with help from Amazon AMZN-Q, taking a minority stake in the new company, the Wall Street Journal reported on … [+144 chars]"
"{'id': None, 'name': 'Investopedia'}",Naomi Buchanan,Saks Fifth Avenue Parent Reportedly Set to Buy Neiman Marcus,"The parent company of Saks Fifth Avenue, HBC, reportedly signed a $2.65 billion deal to buy a rival luxury retailer, Neiman Marcus, according to reports on Wednesday.",https://www.investopedia.com/saks-fifth-avenue-parent-reportedly-buying-neiman-marcus-amazon-salesforce-8673724,https://www.investopedia.com/thmb/2id1c0fbeg0bNndPQ3TbvMbPrY4=/1500x0/filters:no_upscale():max_bytes(150000):strip_icc()/GettyImages-2152081848-6034c394290e49ecb437405e089ca74b.jpg,2024-07-03 20:43:42+00:00,"<ul><li>The parent company of Saks Fifth Avenue, HBC, reportedly signed a $2.65 billion deal to buy rival luxury retailer Neiman Marcus.</li><li>The merger has been approved by both companies' boards… [+1063 chars]"
"{'id': None, 'name': 'Rlsbb.cc'}",saamaan1@yahoo.com (Master),The Mega-Brands That Built America S02 720p AMZN WEB-DL H264-NTb,"The innovations, failures and incredible achievements of some of the most successful businesses in history, from megastores like Costco and Walmart to shipping giants like FedEx and UPS, that forever changed the way Americans live.Links: HOMEPAGE – iMDBThe.Me…",https://rlsbb.cc/the-mega-brands-that-built-america-s02-720p-amzn-web-dl-h264-ntb/,,2024-07-03 20:26:32+00:00,"The innovations, failures and incredible achievements of some of the most successful businesses in history, from megastores like Costco and Walmart to shipping giants like FedEx and UPS, that forever… [+516 chars]"
"{'id': None, 'name': 'Yahoo Entertainment'}",Reuters,"Saks owner to buy Neiman Marcus with help from Amazon, WSJ reports",Neiman Marcus went bankrupt in 2020 in part as pandemic-led lockdowns hampered demand for luxury goods.  The boards of Saks parent HBC and Neiman Marcus have...,https://finance.yahoo.com/news/saks-owner-buy-neiman-marcus-200614002.html,https://media.zenfs.com/en/reuters-finance.com/844aae566270e2e26f03231b65ff0a0f,2024-07-03 20:06:14+00:00,"(Reuters) -The parent of Saks Fifth Avenue sealed a $2.65 billion deal to buy rival Neiman Marcus with help from Amazon (AMZN), taking a minority stake in the new company, the Wall Street Journal rep… [+1379 chars]"
"{'id': None, 'name': 'Rlsbb.cc'}","saamaan1@yahoo.com (Master), Master",Hard Knocks 2001 S22E01 720p AMZN WEB-DL H264-NTb,"Season 22, Episode 01 – NFL Films’ award-winning series documenting the daily routines of NFL teams during the preseason. The Baltimore Ravens were featured in the first season in 2001 and the show has since gone on to cover the Dallas Cowboys (2002, 2008), K…",https://rlsbb.cc/hard-knocks-2001-s22e01-720p-amzn-web-dl-h264-ntb/,,2024-07-03 18:31:51+00:00,"Season 22, Episode 01 NFL Films’ award-winning series documenting the daily routines of NFL teams during the preseason. The Baltimore Ravens were featured in the first season in 2001 and the show has… [+952 chars]"
"{'id': None, 'name': 'Rlsbb.cc'}","saamaan1@yahoo.com (Master), Master",Mascarpone The Rainbow Cake 2024 1080p AMZN WEB-DL H264-CHDWEB,"Maschile Plurale (original title) Plot: After three years, Antonio and Luca are reunited. Antonio, a successful pastry chef, still has feelings for Luca, who is now engaged to Tancredi. Antonio is convinced that the past has come back to help them.Genre: Come…",https://rlsbb.cc/mascarpone-the-rainbow-cake-2024-1080p-amzn-web-dl-h264-chdweb/,,2024-07-03 18:10:46+00:00,"Maschile Plurale (original title)
Plot: After three years, Antonio and Luca are reunited. Antonio, a successful pastry chef, still has feelings for Luca, who is now engaged to Tancredi. Antonio is c… [+2792 chars]"
"{'id': None, 'name': 'Biztoc.com'}",theglobeandmail.com,Jeff Bezos to sell Amazon shares worth about US$5-billion after stock hits record high,"Amazon AMZN-Q founder and executive chair Jeff Bezos is planning to sell almost $5-billion worth of shares in the e-commerce giant, a regulatory filing showed, after its stock hit a record high.
The proposed sale of 25 million shares was disclosed in a notice…",https://biztoc.com/x/2caf7940cd36bcd0,https://biztoc.com/cdn/2caf7940cd36bcd0_s.webp,2024-07-03 15:43:53+00:00,"Amazon AMZN-Q founder and executive chair Jeff Bezos is planning to sell almost $5-billion worth of shares in the e-commerce giant, a regulatory filing showed, after its stock hit a record high.The p… [+143 chars]"
"{'id': None, 'name': 'Biztoc.com'}",benzinga.com,"Nasdaq 100 Notches Record Daily Close, Boosted By Mega-Cap Giants, Fed Rate Cut Optimism - Apple (NASDAQ:AAPL), Advanced Micro Devices (NASDAQ:AMD)","The tech-heavy Nasdaq 100 Index closed Tuesday’s session at 20,011 points, rallying 1% and marking the highest daily closing price ever recorded,
Shares of Microsoft Corp. MSFT, Apple Inc. AAPL, and Amazon.com Inc. AMZN – together comprising 20% of the tech i…",https://biztoc.com/x/9f8f2195ef8bcb8f,https://biztoc.com/cdn/9f8f2195ef8bcb8f_s.webp,2024-07-03 14:17:32+00:00,"The tech-heavy Nasdaq 100 Index closed Tuesdays session at 20,011 points, rallying 1% and marking the highest daily closing price ever recorded,Shares of Microsoft Corp. MSFT, Apple Inc. AAPL, and Am… [+127 chars]"
"{'id': None, 'name': 'Observer'}","Alexandra Tremayne-Pengelly, Alexandra Tremayne-Pengelly",Sun Valley 2024 Guest List: Who Is (and Isn’t) Attending?,"Allen & Co.'s ""summer camp for billionaires"" is right around the corner, with some notable new attendees.",https://observer.com/2024/07/sun-valley-allen-co-conference-guest-list/,https://observer.com/wp-content/uploads/sites/2/2024/07/Untitled.png?quality=80,2024-07-03 13:45:04+00:00,"Shari Redstone, Bob Iger, Rupert Murdoch and Sam Altman all attended the Sun Valley conference last year. Photos by Kevin Dietsch/Getty Images and Drew Angerer/Getty Images
The mountain resort of Su… [+5633 chars]"
"{'id': None, 'name': 'Forbes'}","Trefis Team, Contributor, 
 Trefis Team, Contributor
 https://www.forbes.com/sites/greatspeculations/people/trefis/",Will VeriSign Stock Recover To Its 2021 Highs Of Around $250?,"VeriSign stock (NASDAQ: VRSN), a domain name provider, currently trades at $175 per share, around 30% below its peak level of $255 seen in December 2021.",https://www.forbes.com/sites/greatspeculations/2024/07/03/will-verisign-stock-recover-to-its-2021-highs-of-around-250/,https://imageio.forbes.com/specials-images/imageserve/60aca23e9185cc8504b5b640/0x0.jpg?format=jpg&height=900&width=1600&fit=bounds,2024-07-03 13:00:00+00:00,"UKRAINE - 2021/04/26: In this photo illustration, the Verisign logo is seen on a smartphone and a pc ... [+] screen. (Photo Illustration by Pavlo Gonchar/SOPA Images/LightRocket via Getty Images)
SO… [+6203 chars]"
"{'id': None, 'name': ""Investor's Business Daily""}",Investor's Business Daily,"Dow Jones Futures Fall After Surprise Jobs Data, Fed Minutes Next; Tesla Stock Extends Gains","Tesla stock looked to extend its win streak to seven sessions, with more gains Wednesday.",https://www.investors.com/market-trend/stock-market-today/dow-jones-sp500-nasdaq-jobs-data-tesla-stock-tsla/,https://www.investors.com/wp-content/uploads/2019/01/stock-FederalReserve-snow-11-shutter.jpg,2024-07-03 12:34:43+00:00,"Dow Jones futures and the major stock indexes dropped ahead of a shortened trading session Wednesday as Wall Street reacted to an employment report, with Federal Reserve comments later in the day. Sh… [+6506 chars]"
"{'id': None, 'name': ""Investor's Business Daily""}",Investor's Business Daily,"Microsoft Snags One Crown, Snatches Another From Nvidia","Microsoft topples Nvidia on list of new buys by top funds, joining 12 stock in this elite club.",https://www.investors.com/etfs-and-funds/mutual-funds/best-mutual-funds-microsoft-stock-topples-nvidia/,https://www.investors.com/wp-content/uploads/2024/07/Stock-KingApe-adobe.jpg,2024-07-03 12:00:27+00:00,"Like King Kong swatting away an airplane buzzing around his head, Microsoft (MSFT) just shoved Nvidia (NVDA) off its perch at the top of the list of new buys by the best mutual funds. In recent weeks… [+4266 chars]"
"{'id': None, 'name': 'Investopedia'}",Naomi Buchanan,"As Big Tech Ramps Up AI Spending, Investors Worry Whether AI Costs Will Pay Off","Big tech companies including Microsoft, Alphabet, Meta, and Amazon are ramping up spending on artificial intelligence. Some investors worry that the payoff might not be worth the cost.",https://www.investopedia.com/as-big-tech-ramps-up-ai-spending-investors-worry-whether-costs-will-pay-off-8669532,https://www.investopedia.com/thmb/adF9CelMoQui8aZkDGMH-LNQ1vI=/1500x0/filters:no_upscale():max_bytes(150000):strip_icc()/GettyImages-2153044112-467e27ac7db54456aca11622a255d2c7.jpg,2024-07-03 11:00:00+00:00,"<ul><li>Big technology companies, including Microsoft, Alphabet, Meta, and Amazon, are set to spend over $1 trillion in coming years on artificial intelligence (AI) investments, according to Goldman … [+4735 chars]"
"{'id': None, 'name': 'Forbes'}","Trefis Team, Contributor, 
 Trefis Team, Contributor
 https://www.forbes.com/sites/greatspeculations/people/trefis/",Nio’s Deliveries Doubled In June. Why Is The Stock Still Lagging?,"Chinese luxury electric vehicle maker Nio stock, has declined by about 47% year-to-date. This compares to rival Xpeng stock which is down by 29% over the same period.",https://www.forbes.com/sites/greatspeculations/2024/07/03/nios-deliveries-doubled-in-june-why-is-the-stock-still-lagging/,https://imageio.forbes.com/specials-images/imageserve/62a81b65702fb4c05e2dfd72/0x0.jpg?format=jpg&height=900&width=1600&fit=bounds,2024-07-03 11:00:00+00:00,"CHENGDU, CHINA - APRIL 19: A NIO logo is displayed in the window of NIO showroom on April 19, 2022 ... [+] in Chengdu, Sichuan Province of China. (Photo by Yuan Kejia/VCG via Getty Images)
VCG via G… [+4409 chars]"
"{'id': None, 'name': 'Yahoo Entertainment'}",Soumya Eswaran,Amazon.com (AMZN) Continued to Exceed Analyst Expectations,"Lakehouse Capital, a Sydney-based investment manager, released its “Lakehouse Global Growth Fund” May 2024 investor letter. A copy of the letter can be...",https://finance.yahoo.com/news/amazon-com-amzn-continued-exceed-103302886.html,https://media.zenfs.com/en/insidermonkey.com/96b2a95f603866c28e00574448cae026,2024-07-03 10:33:02+00:00,"Lakehouse Capital, a Sydney-based investment manager, released its Lakehouse Global Growth Fund May 2024 investor letter. A copy of the letter can be downloaded here. May was a positive month for glo… [+3688 chars]"
"{'id': None, 'name': 'Forbes'}","Trefis Team, Contributor, 
 Trefis Team, Contributor
 https://www.forbes.com/sites/greatspeculations/people/trefis/","Down 50% This Year, Will Improving Deliveries Drive Li Auto Stock Higher?","Things appear to be getting better in the Chinese luxury electric vehicle market. Li Auto  , which is the largest of the emerging EV players in China, delivered 47,774 vehicles for June 2024, an increase of 46.7% compared to last year.",https://www.forbes.com/sites/greatspeculations/2024/07/03/down-50-this-year-will-improving-deliveries-drive-li-auto-stock-higher/,https://imageio.forbes.com/specials-images/imageserve/612e4ee034c6bbe75d13998a/0x0.jpg?format=jpg&height=900&width=1600&fit=bounds,2024-07-03 10:00:00+00:00,"A logo of Chinese electric car company Li Auto is seen in its retail store at a shopping mall in ... [+] Beijing on August 12, 2021. (Photo by JADE GAO / AFP) (Photo by JADE GAO/AFP via Getty Images)… [+3930 chars]"
"{'id': None, 'name': 'ETF Daily News'}",MarketBeat News,"Chesley Taft & Associates LLC Decreases Position in Amazon.com, Inc. (NASDAQ:AMZN)","Chesley Taft & Associates LLC lowered its position in Amazon.com, Inc. (NASDAQ:AMZN) by 0.6% in the first quarter, according to its most recent Form 13F filing with the Securities and Exchange Commission. The fund owned 252,363 shares of the e-commerce giant’…",https://www.etfdailynews.com/2024/07/03/chesley-taft-associates-llc-decreases-position-in-amazon-com-inc-nasdaqamzn/,https://www.americanbankingnews.com/wp-content/timthumb/timthumb.php?src=https://www.marketbeat.com/logos/amazoncom-inc-logo-1200x675.jpg&w=240&h=240&zc=2,2024-07-03 09:44:41+00:00,"Chesley Taft &amp; Associates LLC lowered its position in Amazon.com, Inc. (NASDAQ:AMZN) by 0.6% in the first quarter, according to its most recent Form 13F filing with the Securities and Exchange Co… [+6587 chars]"
"{'id': None, 'name': 'ETF Daily News'}",MarketBeat News,"Towerpoint Wealth LLC Purchases 352 Shares of Amazon.com, Inc. (NASDAQ:AMZN)","Towerpoint Wealth LLC boosted its holdings in shares of Amazon.com, Inc. (NASDAQ:AMZN) by 19.0% during the 1st quarter, according to the company in its most recent 13F filing with the Securities and Exchange Commission (SEC). The institutional investor owned …",https://www.etfdailynews.com/2024/07/03/towerpoint-wealth-llc-purchases-352-shares-of-amazon-com-inc-nasdaqamzn/,https://www.americanbankingnews.com/wp-content/timthumb/timthumb.php?src=https://www.marketbeat.com/logos/amazoncom-inc-logo-1200x675.jpg&w=240&h=240&zc=2,2024-07-03 09:12:45+00:00,"Towerpoint Wealth LLC boosted its holdings in shares of Amazon.com, Inc. (NASDAQ:AMZN) by 19.0% during the 1st quarter, according to the company in its most recent 13F filing with the Securities and … [+6093 chars]"
"{'id': None, 'name': 'ETF Daily News'}",MarketBeat News,"Tarbox Family Office Inc. Increases Stock Position in Amazon.com, Inc. (NASDAQ:AMZN)","Tarbox Family Office Inc. increased its position in shares of Amazon.com, Inc. (NASDAQ:AMZN) by 17.6% during the 1st quarter, according to the company in its most recent Form 13F filing with the SEC. The fund owned 8,995 shares of the e-commerce giant’s stock…",https://www.etfdailynews.com/2024/07/03/tarbox-family-office-inc-increases-stock-position-in-amazon-com-inc-nasdaqamzn/,https://www.americanbankingnews.com/wp-content/timthumb/timthumb.php?src=https://www.marketbeat.com/logos/amazoncom-inc-logo-1200x675.jpg&w=240&h=240&zc=2,2024-07-03 09:12:43+00:00,"Tarbox Family Office Inc. increased its position in shares of Amazon.com, Inc. (NASDAQ:AMZN) by 17.6% during the 1st quarter, according to the company in its most recent Form 13F filing with the SEC.… [+6466 chars]"
"{'id': None, 'name': 'ETF Daily News'}",MarketBeat News,"Maltin Wealth Management Inc. Increases Position in Amazon.com, Inc. (NASDAQ:AMZN)","Maltin Wealth Management Inc. lifted its holdings in Amazon.com, Inc. (NASDAQ:AMZN) by 3.2% during the 1st quarter, according to the company in its most recent Form 13F filing with the SEC. The firm owned 2,505 shares of the e-commerce giant’s stock after buy…",https://www.etfdailynews.com/2024/07/03/maltin-wealth-management-inc-increases-position-in-amazon-com-inc-nasdaqamzn/,https://www.americanbankingnews.com/wp-content/timthumb/timthumb.php?src=https://www.marketbeat.com/logos/amazoncom-inc-logo-1200x675.jpg&w=240&h=240&zc=2,2024-07-03 09:12:42+00:00,"Maltin Wealth Management Inc. lifted its holdings in Amazon.com, Inc. (NASDAQ:AMZN) by 3.2% during the 1st quarter, according to the company in its most recent Form 13F filing with the SEC. The firm … [+6487 chars]"
"{'id': None, 'name': 'ETF Daily News'}",MarketBeat News,"Edge Wealth Management LLC Has $3.36 Million Position in Amazon.com, Inc. (NASDAQ:AMZN)","Edge Wealth Management LLC trimmed its stake in shares of Amazon.com, Inc. (NASDAQ:AMZN) by 5.6% in the first quarter, according to the company in its most recent filing with the Securities and Exchange Commission (SEC). The institutional investor owned 18,63…",https://www.etfdailynews.com/2024/07/03/edge-wealth-management-llc-has-3-36-million-position-in-amazon-com-inc-nasdaqamzn/,https://www.americanbankingnews.com/wp-content/timthumb/timthumb.php?src=https://www.marketbeat.com/logos/amazoncom-inc-logo-1200x675.jpg&w=240&h=240&zc=2,2024-07-03 09:12:42+00:00,"Edge Wealth Management LLC trimmed its stake in shares of Amazon.com, Inc. (NASDAQ:AMZN) by 5.6% in the first quarter, according to the company in its most recent filing with the Securities and Excha… [+6536 chars]"
"{'id': None, 'name': 'ETF Daily News'}",MarketBeat News,"Tlwm Has $2.21 Million Stock Holdings in Amazon.com, Inc. (NASDAQ:AMZN)","Tlwm decreased its position in shares of Amazon.com, Inc. (NASDAQ:AMZN – Free Report) by 20.0% during the 1st quarter, according to its most recent filing with the Securities and Exchange Commission (SEC). The fund owned 12,257 shares of the e-commerce giant’…",https://www.etfdailynews.com/2024/07/03/tlwm-has-2-21-million-stock-holdings-in-amazon-com-inc-nasdaqamzn/,https://www.americanbankingnews.com/wp-content/timthumb/timthumb.php?src=https://www.marketbeat.com/logos/amazoncom-inc-logo-1200x675.jpg&w=240&h=240&zc=2,2024-07-03 09:12:42+00:00,"Tlwm decreased its position in shares of Amazon.com, Inc. (NASDAQ:AMZN – Free Report) by 20.0% during the 1st quarter, according to its most recent filing with the Securities and Exchange Commission … [+6031 chars]"
"{'id': None, 'name': 'ETF Daily News'}",MarketBeat News,"Hengehold Capital Management LLC Acquires 926 Shares of Amazon.com, Inc. (NASDAQ:AMZN)","Hengehold Capital Management LLC grew its holdings in Amazon.com, Inc. (NASDAQ:AMZN) by 8.4% in the 1st quarter, according to its most recent disclosure with the Securities & Exchange Commission. The institutional investor owned 11,983 shares of the e-commerc…",https://www.etfdailynews.com/2024/07/03/hengehold-capital-management-llc-acquires-926-shares-of-amazon-com-inc-nasdaqamzn/,https://www.americanbankingnews.com/wp-content/timthumb/timthumb.php?src=https://www.marketbeat.com/logos/amazoncom-inc-logo-1200x675.jpg&w=240&h=240&zc=2,2024-07-03 09:12:42+00:00,"Hengehold Capital Management LLC grew its holdings in Amazon.com, Inc. (NASDAQ:AMZN) by 8.4% in the 1st quarter, according to its most recent disclosure with the Securities &amp; Exchange Commission.… [+6419 chars]"
"{'id': None, 'name': 'ETF Daily News'}",MarketBeat News,"Sunburst Financial Group LLC Buys 231 Shares of Amazon.com, Inc. (NASDAQ:AMZN)","Sunburst Financial Group LLC raised its position in Amazon.com, Inc. (NASDAQ:AMZN) by 2.9% during the 1st quarter, according to its most recent filing with the Securities and Exchange Commission (SEC). The firm owned 8,291 shares of the e-commerce giant’s sto…",https://www.etfdailynews.com/2024/07/03/sunburst-financial-group-llc-buys-231-shares-of-amazon-com-inc-nasdaqamzn/,https://www.americanbankingnews.com/wp-content/timthumb/timthumb.php?src=https://www.marketbeat.com/logos/amazoncom-inc-logo-1200x675.jpg&w=240&h=240&zc=2,2024-07-03 09:12:41+00:00,"Sunburst Financial Group LLC raised its position in Amazon.com, Inc. (NASDAQ:AMZN) by 2.9% during the 1st quarter, according to its most recent filing with the Securities and Exchange Commission (SEC… [+6404 chars]"
"{'id': None, 'name': 'ETF Daily News'}",MarketBeat News,"Amazon.com, Inc. (NASDAQ:AMZN) Shares Bought by Investment Partners LTD.","Investment Partners LTD. boosted its holdings in shares of Amazon.com, Inc. (NASDAQ:AMZN – Free Report) by 2.5% in the 1st quarter, according to the company in its most recent disclosure with the Securities and Exchange Commission (SEC). The fund owned 5,806 …",https://www.etfdailynews.com/2024/07/03/amazon-com-inc-nasdaqamzn-shares-bought-by-investment-partners-ltd/,https://www.americanbankingnews.com/wp-content/timthumb/timthumb.php?src=https://www.marketbeat.com/logos/amazoncom-inc-logo-1200x675.jpg&w=240&h=240&zc=2,2024-07-03 09:12:41+00:00,"Investment Partners LTD. boosted its holdings in shares of Amazon.com, Inc. (NASDAQ:AMZN – Free Report) by 2.5% in the 1st quarter, according to the company in its most recent disclosure with the Sec… [+6234 chars]"
"{'id': None, 'name': 'ETF Daily News'}",MarketBeat News,"Fifth Third Wealth Advisors LLC Acquires 14,851 Shares of Amazon.com, Inc. (NASDAQ:AMZN)","Fifth Third Wealth Advisors LLC lifted its holdings in shares of Amazon.com, Inc. (NASDAQ:AMZN – Free Report) by 24.6% in the first quarter, according to the company in its most recent filing with the Securities and Exchange Commission (SEC). The fund owned 7…",https://www.etfdailynews.com/2024/07/03/fifth-third-wealth-advisors-llc-acquires-14851-shares-of-amazon-com-inc-nasdaqamzn/,https://www.americanbankingnews.com/wp-content/timthumb/timthumb.php?src=https://www.marketbeat.com/logos/amazoncom-inc-logo-1200x675.jpg&w=240&h=240&zc=2,2024-07-03 09:12:41+00:00,"Fifth Third Wealth Advisors LLC lifted its holdings in shares of Amazon.com, Inc. (NASDAQ:AMZN – Free Report) by 24.6% in the first quarter, according to the company in its most recent filing with th… [+6508 chars]"
"{'id': None, 'name': 'ETF Daily News'}",MarketBeat News,"Amazon.com, Inc. (NASDAQ:AMZN) is Congress Park Capital LLC’s Largest Position","Congress Park Capital LLC decreased its holdings in shares of Amazon.com, Inc. (NASDAQ:AMZN – Free Report) by 1.2% during the first quarter, according to its most recent filing with the SEC. The firm owned 65,084 shares of the e-commerce giant’s stock after s…",https://www.etfdailynews.com/2024/07/03/amazon-com-inc-nasdaqamzn-is-congress-park-capital-llcs-largest-position/,https://www.americanbankingnews.com/wp-content/timthumb/timthumb.php?src=https://www.marketbeat.com/logos/amazoncom-inc-logo-1200x675.jpg&w=240&h=240&zc=2,2024-07-03 09:12:41+00:00,"Congress Park Capital LLC decreased its holdings in shares of Amazon.com, Inc. (NASDAQ:AMZN – Free Report) by 1.2% during the first quarter, according to its most recent filing with the SEC. The firm… [+6308 chars]"
"{'id': None, 'name': 'Forbes'}","Trefis Team, Contributor, 
 Trefis Team, Contributor
 https://www.forbes.com/sites/greatspeculations/people/trefis/","Rising Margins, Ad Growth To Drive Netflix’s Q2 Results, But Stock Is Expensive At $670","Netflix stock has had a pretty good year, rising by almost 38% year-to-date as the company successfully navigated a brief subscriber decline post-Covid-19.",https://www.forbes.com/sites/greatspeculations/2024/07/03/rising-margins-ad-growth-to-drive-netflixs-q2-results-but-stock-is-expensive-at-670/,https://imageio.forbes.com/specials-images/imageserve/62d8f1a596955d76d6c1ec8d/0x0.jpg?format=jpg&height=900&width=1600&fit=bounds,2024-07-03 09:00:00+00:00,"This illustration picture taken on April 21, 2018 in Paris shows the logo of the Netflix ... [+] entertainment company, displayed on a tablet screen with a remote control in front of it. (Photo by Li… [+5194 chars]"
"{'id': None, 'name': 'Rlsbb.cc'}","saamaan1@yahoo.com (Master), Master",Baby Doll 2021 1080p AMZN WEB-DL H264-edge2020,Plot: A group of student in vacation find themselves in a house where strange rituals were performed. The sudden finding of a doll bring the group on a downward spiral. Genre: Comedy | HorrorIMDB Rating Live: IMDB Rating: 5.6/10 From 48 UsersRotten Rating: N/…,https://rlsbb.cc/baby-doll-2021-1080p-amzn-web-dl-h264-edge2020/,,2024-07-03 08:55:51+00:00,"Plot: A group of student in vacation find themselves in a house where strange rituals were performed. The sudden finding of a doll bring the group on a downward spiral. 
Genre: Comedy | HorrorIMDB R… [+537 chars]"
"{'id': None, 'name': 'Rlsbb.cc'}","saamaan1@yahoo.com (Master), Master",Follow The Stars Home 2001 1080p AMZN WEB-DL H264-TEPES,"Plot: Kimberly Williams and Caitlin Fein play a mother and child whose love conquers adversity. Genre: Drama | Romance | FamilyIMDB Rating Live: IMDB Rating: 7.1/10 From 1,132 UsersRotten Rating: N/AMetacritic Rating: N/ADirected by: Dick LowryStarring: Kimbe…",https://rlsbb.cc/follow-the-stars-home-2001-1080p-amzn-web-dl-h264-tepes/,,2024-07-03 08:55:51+00:00,"Plot: Kimberly Williams and Caitlin Fein play a mother and child whose love conquers adversity. 
Genre: Drama | Romance | FamilyIMDB Rating Live:IMDB Rating: 7.1/10 From 1,132 UsersRotten Rating: N/… [+484 chars]"
"{'id': None, 'name': 'Rlsbb.cc'}","saamaan1@yahoo.com (Master), Master",Sierra Katow Funt 2024 1080p AMZN WEB-DL H264-playWEB,"Plot: Comedian Sierra Katow tackles her dumb career choice, online haters, and why anyone still has kids in her must-watch breakout special, Funt. Best known for NBC’s “Last Comic Standing,” Max’s “The Sex Lives of College Girls,” and Disney’s “Raya and the L…",https://rlsbb.cc/sierra-katow-funt-2024-1080p-amzn-web-dl-h264-playweb/,,2024-07-03 08:55:51+00:00,"Plot: Comedian Sierra Katow tackles her dumb career choice, online haters, and why anyone still has kids in her must-watch breakout special, Funt. Best known for NBC’s “Last Comic Standing,” Max’s “T… [+983 chars]"
"{'id': None, 'name': 'Rlsbb.cc'}","saamaan1@yahoo.com (Master), Master",Pharos Of Chaos 1983 1080p AMZN WEB-DL H264-TEPES,"Leuchtturm des Chaos (original title) Plot: Documentary profile of actor Sterling Hayden . Genre: Documentary | BiographyIMDB Rating Live: IMDB Rating: 7.1/10 From 368 UsersRotten Rating: N/AMetacritic Rating: N/ADirected by: Manfred Blank , Wolf-Eckart Bühle…",https://rlsbb.cc/pharos-of-chaos-1983-1080p-amzn-web-dl-h264-tepes/,,2024-07-03 08:55:51+00:00,"Leuchtturm des Chaos (original title)
Plot: Documentary profile of actor Sterling Hayden . 
Genre: Documentary | BiographyIMDB Rating Live:IMDB Rating: 7.1/10 From 368 UsersRotten Rating: N/AMetacr… [+493 chars]"
"{'id': None, 'name': 'Rlsbb.cc'}",saamaan1@yahoo.com (Master),The Last Tycoon S01 1080p AMZN WEB-DL H264-NTb,"Centers on Hollywood’s first wunderkind studio executive in the 1930s, Monroe Stahr, and the power struggle between him, his mentor, and current head of the studio, Pat Brady.Links: HOMEPAGE – iMDBThe.Last.Tycoon.S01.720p.WEB.H264-JFFMKV | AC3 / dolby digital…",https://rlsbb.cc/the-last-tycoon-s01-1080p-amzn-web-dl-h264-ntb/,,2024-07-06T15:55:37Z,"Centers on Hollywood’s first wunderkind studio executive in the 1930s, Monroe Stahr, and the power struggle between him, his mentor, and current head of the studio, Pat Brady.
Links:HOMEPAGEiMDB
Th… [+535 chars]"
"{'id': None, 'name': 'ETF Daily News'}",MarketBeat News,"Nadler Financial Group Inc. Raises Stake in Amazon.com, Inc. (NASDAQ:AMZN)","Nadler Financial Group Inc. grew its stake in Amazon.com, Inc. (NASDAQ:AMZN) by 0.7% in the first quarter, according to its most recent 13F filing with the Securities & Exchange Commission. The fund owned 39,369 shares of the e-commerce giant’s stock after ac…",https://www.etfdailynews.com/2024/07/06/nadler-financial-group-inc-raises-stake-in-amazon-com-inc-nasdaqamzn/,https://www.americanbankingnews.com/wp-content/timthumb/timthumb.php?src=https://www.marketbeat.com/logos/amazoncom-inc-logo-1200x675.jpg&w=240&h=240&zc=2,2024-07-06T12:48:41Z,"Nadler Financial Group Inc. grew its stake in Amazon.com, Inc. (NASDAQ:AMZN) by 0.7% in the first quarter, according to its most recent 13F filing with the Securities &amp; Exchange Commission. The f… [+6592 chars]"
"{'id': None, 'name': 'ETF Daily News'}",MarketBeat News,"Amazon.com, Inc. (NASDAQ:AMZN) Shares Sold by Zweig DiMenna Associates LLC","Zweig DiMenna Associates LLC lowered its stake in shares of Amazon.com, Inc. (NASDAQ:AMZN – Free Report) by 0.6% during the first quarter, according to its most recent Form 13F filing with the SEC. The fund owned 314,784 shares of the e-commerce giant’s stock…",https://www.etfdailynews.com/2024/07/06/amazon-com-inc-nasdaqamzn-shares-sold-by-zweig-dimenna-associates-llc/,https://www.americanbankingnews.com/wp-content/timthumb/timthumb.php?src=https://www.marketbeat.com/logos/amazoncom-inc-logo-1200x675.jpg&w=240&h=240&zc=2,2024-07-06T12:14:45Z,"Zweig DiMenna Associates LLC lowered its stake in shares of Amazon.com, Inc. (NASDAQ:AMZN – Free Report) by 0.6% during the first quarter, according to its most recent Form 13F filing with the SEC. T… [+6547 chars]"
"{'id': None, 'name': 'ETF Daily News'}",MarketBeat News,"Amazon.com, Inc. (NASDAQ:AMZN) Shares Sold by Vigilare Wealth Management","Vigilare Wealth Management lowered its stake in Amazon.com, Inc. (NASDAQ:AMZN – Free Report) by 14.6% during the first quarter, according to the company in its most recent Form 13F filing with the SEC. The fund owned 23,359 shares of the e-commerce giant’s st…",https://www.etfdailynews.com/2024/07/06/amazon-com-inc-nasdaqamzn-shares-sold-by-vigilare-wealth-management/,https://www.americanbankingnews.com/wp-content/timthumb/timthumb.php?src=https://www.marketbeat.com/logos/amazoncom-inc-logo-1200x675.jpg&w=240&h=240&zc=2,2024-07-06T12:14:45Z,"Vigilare Wealth Management lowered its stake in Amazon.com, Inc. (NASDAQ:AMZN – Free Report) by 14.6% during the first quarter, according to the company in its most recent Form 13F filing with the SE… [+5891 chars]"
"{'id': None, 'name': 'ETF Daily News'}",MarketBeat News,"Riverwater Partners LLC Has $497,000 Holdings in Amazon.com, Inc. (NASDAQ:AMZN)","Riverwater Partners LLC lowered its stake in Amazon.com, Inc. (NASDAQ:AMZN) by 8.4% in the 1st quarter, HoldingsChannel.com reports. The fund owned 2,757 shares of the e-commerce giant’s stock after selling 254 shares during the quarter. Riverwater Partners L…",https://www.etfdailynews.com/2024/07/06/riverwater-partners-llc-has-497000-holdings-in-amazon-com-inc-nasdaqamzn/,https://www.americanbankingnews.com/wp-content/timthumb/timthumb.php?src=https://www.marketbeat.com/logos/amazoncom-inc-logo-1200x675.jpg&w=240&h=240&zc=2,2024-07-06T11:37:11Z,"Riverwater Partners LLC lowered its stake in Amazon.com, Inc. (NASDAQ:AMZN) by 8.4% in the 1st quarter, HoldingsChannel.com reports. The fund owned 2,757 shares of the e-commerce giant’s stock after … [+6384 chars]"
"{'id': None, 'name': 'Biztoc.com'}",finance.yahoo.com,Amazon Is Now the Best-Performing Stock in the Dow Jones Industrial Average In 2024. Is It a Buy Around Its All-Time High?,"Amazon (NASDAQ: AMZN) joined the Dow Jones Industrial Average in late February -- giving the traditionally stodgy, income-oriented index more exposure to growth.
Amazon has continued its torrid run since 2023. As of June 27, it is the best-performing stock in…",https://biztoc.com/x/62f8e3ccfa2bede1,https://biztoc.com/cdn/62f8e3ccfa2bede1_s.webp,2024-07-06T11:08:43Z,"Amazon (NASDAQ: AMZN) joined the Dow Jones Industrial Average in late February -- giving the traditionally stodgy, income-oriented index more exposure to growth.Amazon has continued its torrid run si… [+141 chars]"
"{'id': None, 'name': 'ETF Daily News'}",MarketBeat News,"Amazon.com, Inc. (NASDAQ:AMZN) Stock Holdings Decreased by Burns J W & Co. Inc. NY","Burns J W & Co. Inc. NY cut its stake in Amazon.com, Inc. (NASDAQ:AMZN) by 0.5% in the first quarter, HoldingsChannel reports. The firm owned 129,493 shares of the e-commerce giant’s stock after selling 708 shares during the quarter. Amazon.com makes up about…",https://www.etfdailynews.com/2024/07/06/amazon-com-inc-nasdaqamzn-stock-holdings-decreased-by-burns-j-w-co-inc-ny/,https://www.americanbankingnews.com/wp-content/timthumb/timthumb.php?src=https://www.marketbeat.com/logos/amazoncom-inc-logo-1200x675.jpg&w=240&h=240&zc=2,2024-07-06T10:58:41Z,"Burns J W &amp; Co. Inc. NY cut its stake in Amazon.com, Inc. (NASDAQ:AMZN) by 0.5% in the first quarter, HoldingsChannel reports. The firm owned 129,493 shares of the e-commerce giant’s stock after … [+6524 chars]"
"{'id': None, 'name': 'ETF Daily News'}",MarketBeat News,"Legend Financial Advisors Inc. Purchases 561 Shares of Amazon.com, Inc. (NASDAQ:AMZN)","Legend Financial Advisors Inc. grew its position in Amazon.com, Inc. (NASDAQ:AMZN) by 9.7% in the first quarter, according to the company in its most recent 13F filing with the Securities and Exchange Commission (SEC). The firm owned 6,342 shares of the e-com…",https://www.etfdailynews.com/2024/07/06/legend-financial-advisors-inc-purchases-561-shares-of-amazon-com-inc-nasdaqamzn/,https://www.americanbankingnews.com/wp-content/timthumb/timthumb.php?src=https://www.marketbeat.com/logos/amazoncom-inc-logo-1200x675.jpg&w=240&h=240&zc=2,2024-07-06T10:58:41Z,"Legend Financial Advisors Inc. grew its position in Amazon.com, Inc. (NASDAQ:AMZN) by 9.7% in the first quarter, according to the company in its most recent 13F filing with the Securities and Exchang… [+6716 chars]"
"{'id': None, 'name': 'ETF Daily News'}",MarketBeat News,"Amazon.com, Inc. (NASDAQ:AMZN) Shares Sold by Symphony Financial Ltd. Co.","Symphony Financial Ltd. Co. cut its position in Amazon.com, Inc. (NASDAQ:AMZN) by 14.1% during the first quarter, according to its most recent 13F filing with the Securities and Exchange Commission. The fund owned 58,179 shares of the e-commerce giant’s stock…",https://www.etfdailynews.com/2024/07/06/amazon-com-inc-nasdaqamzn-shares-sold-by-symphony-financial-ltd-co/,https://www.americanbankingnews.com/wp-content/timthumb/timthumb.php?src=https://www.marketbeat.com/logos/amazoncom-inc-logo-1200x675.jpg&w=240&h=240&zc=2,2024-07-06T10:26:43Z,"Symphony Financial Ltd. Co. cut its position in Amazon.com, Inc. (NASDAQ:AMZN) by 14.1% during the first quarter, according to its most recent 13F filing with the Securities and Exchange Commission. … [+6670 chars]"
"{'id': None, 'name': 'ETF Daily News'}",MarketBeat News,"Ridgecrest Wealth Partners LLC Increases Holdings in Amazon.com, Inc. (NASDAQ:AMZN)","Ridgecrest Wealth Partners LLC raised its stake in Amazon.com, Inc. (NASDAQ:AMZN) by 0.7% in the 1st quarter, according to the company in its most recent filing with the Securities & Exchange Commission. The institutional investor owned 7,755 shares of the e-…",https://www.etfdailynews.com/2024/07/06/ridgecrest-wealth-partners-llc-increases-holdings-in-amazon-com-inc-nasdaqamzn/,https://www.americanbankingnews.com/wp-content/timthumb/timthumb.php?src=https://www.marketbeat.com/logos/amazoncom-inc-logo-1200x675.jpg&w=240&h=240&zc=2,2024-07-06T10:26:42Z,"Ridgecrest Wealth Partners LLC raised its stake in Amazon.com, Inc. (NASDAQ:AMZN) by 0.7% in the 1st quarter, according to the company in its most recent filing with the Securities &amp; Exchange Com… [+6284 chars]"
"{'id': None, 'name': 'ETF Daily News'}",MarketBeat News,"Chemung Canal Trust Co. Lowers Stake in Amazon.com, Inc. (NASDAQ:AMZN)","Chemung Canal Trust Co. lessened its stake in shares of Amazon.com, Inc. (NASDAQ:AMZN) by 20.9% during the 1st quarter, according to its most recent filing with the Securities and Exchange Commission. The institutional investor owned 55,521 shares of the e-co…",https://www.etfdailynews.com/2024/07/06/chemung-canal-trust-co-lowers-stake-in-amazon-com-inc-nasdaqamzn/,https://www.americanbankingnews.com/wp-content/timthumb/timthumb.php?src=https://www.marketbeat.com/logos/amazoncom-inc-logo-1200x675.jpg&w=240&h=240&zc=2,2024-07-06T10:26:42Z,"Chemung Canal Trust Co. lessened its stake in shares of Amazon.com, Inc. (NASDAQ:AMZN) by 20.9% during the 1st quarter, according to its most recent filing with the Securities and Exchange Commission… [+6103 chars]"
"{'id': None, 'name': 'ETF Daily News'}",MarketBeat News,"Meritas Wealth Management LLC Sells 60 Shares of Amazon.com, Inc. (NASDAQ:AMZN)","Meritas Wealth Management LLC lowered its stake in Amazon.com, Inc. (NASDAQ:AMZN) by 1.6% during the 1st quarter, Holdings Channel reports. The institutional investor owned 3,720 shares of the e-commerce giant’s stock after selling 60 shares during the quarte…",https://www.etfdailynews.com/2024/07/06/meritas-wealth-management-llc-sells-60-shares-of-amazon-com-inc-nasdaqamzn/,https://www.americanbankingnews.com/wp-content/timthumb/timthumb.php?src=https://www.marketbeat.com/logos/amazoncom-inc-logo-1200x675.jpg&w=240&h=240&zc=2,2024-07-06T10:26:41Z,"Meritas Wealth Management LLC lowered its stake in Amazon.com, Inc. (NASDAQ:AMZN) by 1.6% during the 1st quarter, Holdings Channel reports. The institutional investor owned 3,720 shares of the e-comm… [+6676 chars]"
"{'id': None, 'name': 'ETF Daily News'}",MarketBeat News,"Baker Ellis Asset Management LLC Sells 95 Shares of Amazon.com, Inc. (NASDAQ:AMZN)","Baker Ellis Asset Management LLC cut its stake in shares of Amazon.com, Inc. (NASDAQ:AMZN – Free Report) by 0.6% in the 1st quarter, according to the company in its most recent disclosure with the Securities and Exchange Commission (SEC). The fund owned 16,33…",https://www.etfdailynews.com/2024/07/06/baker-ellis-asset-management-llc-sells-95-shares-of-amazon-com-inc-nasdaqamzn/,https://www.americanbankingnews.com/wp-content/timthumb/timthumb.php?src=https://www.marketbeat.com/logos/amazoncom-inc-logo-1200x675.jpg&w=240&h=240&zc=2,2024-07-06T10:26:41Z,"Baker Ellis Asset Management LLC cut its stake in shares of Amazon.com, Inc. (NASDAQ:AMZN – Free Report) by 0.6% in the 1st quarter, according to the company in its most recent disclosure with the Se… [+6090 chars]"
"{'id': None, 'name': 'ETF Daily News'}",MarketBeat News,"Amazon.com, Inc. (NASDAQ:AMZN) Shares Sold by WoodTrust Financial Corp","WoodTrust Financial Corp reduced its stake in shares of Amazon.com, Inc. (NASDAQ:AMZN) by 0.6% during the 1st quarter, according to its most recent filing with the Securities and Exchange Commission (SEC). The institutional investor owned 109,134 shares of th…",https://www.etfdailynews.com/2024/07/06/amazon-com-inc-nasdaqamzn-shares-sold-by-woodtrust-financial-corp/,https://www.americanbankingnews.com/wp-content/timthumb/timthumb.php?src=https://www.marketbeat.com/logos/amazoncom-inc-logo-1200x675.jpg&w=240&h=240&zc=2,2024-07-06T09:54:44Z,"WoodTrust Financial Corp reduced its stake in shares of Amazon.com, Inc. (NASDAQ:AMZN) by 0.6% during the 1st quarter, according to its most recent filing with the Securities and Exchange Commission … [+6047 chars]"
"{'id': None, 'name': 'ETF Daily News'}",MarketBeat News,"MCF Advisors LLC Sells 1,553 Shares of Amazon.com, Inc. (NASDAQ:AMZN)","MCF Advisors LLC trimmed its stake in Amazon.com, Inc. (NASDAQ:AMZN) by 6.6% during the 1st quarter, according to the company in its most recent disclosure with the Securities and Exchange Commission. The fund owned 22,024 shares of the e-commerce giant’s sto…",https://www.etfdailynews.com/2024/07/06/mcf-advisors-llc-sells-1553-shares-of-amazon-com-inc-nasdaqamzn/,https://www.americanbankingnews.com/wp-content/timthumb/timthumb.php?src=https://www.marketbeat.com/logos/amazoncom-inc-logo-1200x675.jpg&w=240&h=240&zc=2,2024-07-06T09:10:41Z,"MCF Advisors LLC trimmed its stake in Amazon.com, Inc. (NASDAQ:AMZN) by 6.6% during the 1st quarter, according to the company in its most recent disclosure with the Securities and Exchange Commission… [+6616 chars]"
"{'id': None, 'name': 'ETF Daily News'}",MarketBeat News,"Toth Financial Advisory Corp Sells 1,265 Shares of Amazon.com, Inc. (NASDAQ:AMZN)","Toth Financial Advisory Corp reduced its position in shares of Amazon.com, Inc. (NASDAQ:AMZN) by 6.2% in the first quarter, according to its most recent 13F filing with the Securities and Exchange Commission (SEC). The institutional investor owned 19,094 shar…",https://www.etfdailynews.com/2024/07/06/toth-financial-advisory-corp-sells-1265-shares-of-amazon-com-inc-nasdaqamzn/,https://www.americanbankingnews.com/wp-content/timthumb/timthumb.php?src=https://www.marketbeat.com/logos/amazoncom-inc-logo-1200x675.jpg&w=240&h=240&zc=2,2024-07-06T09:10:41Z,"Toth Financial Advisory Corp reduced its position in shares of Amazon.com, Inc. (NASDAQ:AMZN) by 6.2% in the first quarter, according to its most recent 13F filing with the Securities and Exchange Co… [+6461 chars]"
"{'id': None, 'name': 'Rlsbb.cc'}","saamaan1@yahoo.com (Master), Master",The Last Run 2004 1080p AMZN WEB-DL H264-FLUX,"Plot: When a young accountant is devastated after discovering his inspiringly beautiful girlfriend is cheating on him, his best friend, who’s engaged to a girl he doesn’t love, convinces him to go on a “run” and sleep with as many women as he can to get over …",https://rlsbb.cc/the-last-run-2004-1080p-amzn-web-dl-h264-flux/,,2024-07-06T01:15:53Z,"Plot: When a young accountant is devastated after discovering his inspiringly beautiful girlfriend is cheating on him, his best friend, who’s engaged to a girl he doesn’t love, convinces him to go on… [+1268 chars]"
"{'id': None, 'name': ""Investor's Business Daily""}",Investor's Business Daily,Is Google Stock A Buy Or Sell As Shares In Internet Giant Hit All-Time High?,Google stock has climbed 35% in 2024. Shares hit an all-time high on July 5. Earnings are due in late July.,https://www.investors.com/news/technology/google-stock-buy-now-alphabet/,https://www.investors.com/wp-content/uploads/2016/08/stock-Google-4-company.jpg,2024-07-05T20:11:16Z,Google parent Alphabet (GOOGL) reports second quarter earnings in late July but investors will have to wait to hear from Google's new chief financial officer. Google stock has climbed 36% in 2024 as … [+7357 chars]
